#Compound,Mass,parameter_A,parameter_B,Surface_tension,alpha_wall,density,Henrys_constant,parameter_C
C134CO,270.2784,13.356489852669,6816.46355099571,0.05,0.00005,1400,0,0
BCCOOH,254.3651,12.335575423393,6397.14829253474,0.05,0.00005,1400,0,0
DNMXYOLOOH,294.1724,12.045639192651,6418.41677007986,0.05,0.00005,1400,0,0
C823CO,156.1791,9.945579338565,4833.54323931782,0.05,0.00005,1400,0,0
C124OH,214.3013,10.104215088718,5166.8214672363,0.05,0.00005,1400,0,0
C137CO,224.2961,11.058265473332,5532.81345959115,0.05,0.00005,1400,0,0
MBOAOOH,136.1464,9.924866792237,4979.40876963583,0.05,0.00005,1400,0,0
DEMPHOLOOH,246.257,13.001444737298,7078.60496085064,0.05,0.00005,1400,0,0
EBZMUCOOH,204.1773,10.840544725074,5698.36451858191,0.05,0.00005,1400,0,0
DMKOHOOH,162.1406,9.437491416368,4815.01824601385,0.05,0.00005,1400,0,0
IPBZBPR2OH,186.2051,10.414313326745,5167.16829618206,0.05,0.00005,1400,0,0
C42OH,165.1015,9.951056799768,4829.22213512632,0.05,0.00005,1400,0,0
C63NO3,177.1552,10.710677120272,5049.36015457469,0.05,0.00005,1400,0,0
NPETOLO2,262.1935,10.587574467389,5140.57380255694,0.05,0.00005,1400,0,0
NPTLQO,200.1256,9.083093552323,4519.82870320759,0.05,0.00005,1400,0,0
C917NO3,215.2032,10.713404057654,5378.98247880298,0.05,0.00005,1400,0,0
NEBNZOLOOH,249.1748,13.047261727357,6765.4471287828,0.05,0.00005,1400,0,0
NPETOLOH,247.202,12.060141111013,6122.98178588429,0.05,0.00005,1400,0,0
C731OOH,160.1678,9.684924752366,4767.26732291162,0.05,0.00005,1400,0,0
NC524OOH,213.1427,15.266248624725,8456.81157828658,0.05,0.00005,1400,0,0
C925OOH,220.2197,14.349884586915,7698.00988012167,0.05,0.00005,1400,0,0
H3C2C4CO2H,132.1146,9.667657328627,4878.42706056795,0.05,0.00005,1400,0,0
NPETLQO2,244.1782,9.683349318427,4929.10466929354,0.05,0.00005,1400,0,0
PXYMUCNO3,233.1754,10.775977413847,5361.93905590522,0.05,0.00005,1400,0,0
C1010OOH,200.2316,10.507763215269,5426.19181762249,0.05,0.00005,1400,0,0
TMB2FUOOH,176.1672,10.647403925416,5287.15966616728,0.05,0.00005,1400,0,0
H3C25CCO3H,190.1507,10.591016973225,5519.35747127221,0.05,0.00005,1400,0,0
C823OOH,174.1944,11.197583171144,5849.10163183476,0.05,0.00005,1400,0,0
C88OOH,172.1785,10.112749225829,4889.65713352173,0.05,0.00005,1400,0,0
C1013CO2H,214.2582,10.625073337341,5108.02634131802,0.05,0.00005,1400,0,0
C7EDCOOH,176.1672,9.793041197655,5065.9304714836,0.05,0.00005,1400,0,0
NMXYQO2,230.1516,9.327799535132,4678.19244324868,0.05,0.00005,1400,0,0
C827OOH,174.1944,9.323946566015,4590.37681356949,0.05,0.00005,1400,0,0
NDNPBZLOOH,353.1965,13.402811500034,7016.35935178619,0.05,0.00005,1400,0,0
NDNPETLOOH,353.1965,13.402811500034,7016.35935178619,0.05,0.00005,1400,0,0
C1312O,241.3034,10.996749158294,5548.66433185047,0.05,0.00005,1400,0,0
OTNCATECO,262.1935,11.936899920652,6278.64917178562,0.05,0.00005,1400,0,0
HNC524CO,195.1275,12.107551062825,6308.98850005252,0.05,0.00005,1400,0,0
C139NO3,303.3083,12.125635655217,6288.30162351056,0.05,0.00005,1400,0,0
METLOBPROH,184.1892,9.643296259538,4690.7991536049,0.05,0.00005,1400,0,0
NPHENOOH,221.1217,12.447005963676,6356.17116339081,0.05,0.00005,1400,0,0
C57NO3,179.1281,10.830912886732,5339.81685263856,0.05,0.00005,1400,0,0
C1313NO3,287.3089,10.783630646982,5293.67645085355,0.05,0.00005,1400,0,0
BCALBCO,250.3334,9.936818200532,4918.67407722736,0.05,0.00005,1400,0,0
IPBZMUCOH,202.2045,10.264047312386,5265.82092918718,0.05,0.00005,1400,0,0
C9M2CO6OH,184.2322,8.611100663439,4400.32733980924,0.05,0.00005,1400,0,0
C152OOH,302.3633,13.949317787402,7525.1656865457,0.05,0.00005,1400,0,0
HO13C3CO3H,136.1033,10.460372311363,5312.84262510469,0.05,0.00005,1400,0,0
C82OOH,176.2102,10.647589943313,5421.43673602644,0.05,0.00005,1400,0,0
C716OOH,174.1513,9.864652203876,4901.94547066481,0.05,0.00005,1400,0,0
C83COOHOOH,204.1773,11.010454781284,5668.87001859065,0.05,0.00005,1400,0,0
C151OH,286.3639,14.39989199498,8022.74195423871,0.05,0.00005,1400,0,0
C151O2,301.3554,13.553936045973,7263.49205010924,0.05,0.00005,1400,0,0
C629OOH,162.1406,10.155708782115,5071.2671560661,0.05,0.00005,1400,0,0
C134O,271.2864,12.124222365729,6203.77017069524,0.05,0.00005,1400,0,0
C920CO3H,216.231,10.601896942406,5360.81054146948,0.05,0.00005,1400,0,0
LIMCOH,170.2487,9.59859766674,4673.89090571462,0.05,0.00005,1400,0,0
PXYFUOOH,148.114,10.791722392019,5344.05703122991,0.05,0.00005,1400,0,0
C735OOH,174.1513,9.813409133613,4976.53366282552,0.05,0.00005,1400,0,0
CO25C6CO2H,158.1519,10.525506195443,5312.24857538807,0.05,0.00005,1400,0,0
NDNT124LO,336.1892,10.476730676615,5048.02531933515,0.05,0.00005,1400,0,0
PETLMUCO2H,184.1892,10.80564937878,5464.71359536964,0.05,0.00005,1400,0,0
C88PAN,245.1861,9.510862294853,4851.42615556703,0.05,0.00005,1400,0,0
C121OOH,216.3172,10.638040788752,5384.75936545763,0.05,0.00005,1400,0,0
BCALBOOH,268.3487,11.258576035616,5884.01996270554,0.05,0.00005,1400,0,0
LIMBOOH,186.2481,10.458737230813,5266.33494683447,0.05,0.00005,1400,0,0
C733OOH,176.1672,11.146138908964,5824.57030681165,0.05,0.00005,1400,0,0
C815CO2OOH,172.1785,9.301823274249,4681.66160050581,0.05,0.00005,1400,0,0
TM135BPNO3,231.2026,11.827999949775,5706.45002675773,0.05,0.00005,1400,0,0
TM124MUO2H,184.1892,10.69480556554,5372.1651057149,0.05,0.00005,1400,0,0
EBFUOOH,162.1406,11.14727216426,5594.96925410962,0.05,0.00005,1400,0,0
T123NCATO,262.1935,11.117829288015,5719.92735646991,0.05,0.00005,1400,0,0
C1310O,257.3028,12.989354024947,7016.65548568103,0.05,0.00005,1400,0,0
BCLKET,238.3227,9.60382791529,4952.80360602628,0.05,0.00005,1400,0,0
C1210OOH,228.2848,10.797610889225,5466.53754378373,0.05,0.00005,1400,0,0
NPXYOLO,232.1675,10.232024691982,4889.66157877155,0.05,0.00005,1400,0,0
C919OH,186.2051,9.576185385724,4731.70424986246,0.05,0.00005,1400,0,0
PTNCATECO,262.1935,11.936899920652,6278.64917178562,0.05,0.00005,1400,0,0
C4MALOHOOH,148.114,8.971097865175,4471.55754329392,0.05,0.00005,1400,0,0
C1211CO3,271.2864,11.058265473332,5532.81345959115,0.05,0.00005,1400,0,0
MVKOHBOOH,136.1033,10.425945700514,5534.85529162161,0.05,0.00005,1400,0,0
C1213OOH,276.283,15.820422184671,8771.66174139876,0.05,0.00005,1400,0,0
C9M2CO6OOH,200.2316,10.012922821533,5183.48604706794,0.05,0.00005,1400,0,0
C7CO3OHOOH,190.1507,10.654905014692,5417.95779732592,0.05,0.00005,1400,0,0
HO3C106NO3,219.278,10.601190459428,5113.46973741895,0.05,0.00005,1400,0,0
DNIPBNZLO2,307.191,9.669739096709,4700.99496580166,0.05,0.00005,1400,0,0
TM123BP2OH,186.2051,9.669739096709,4700.99496580166,0.05,0.00005,1400,0,0
C534OOH,180.1128,10.82910402424,5776.83983946569,0.05,0.00005,1400,0,0
INAHPCO3,226.1183,10.771302739906,5276.67838441607,0.05,0.00005,1400,0,0
IPBZMUCO3H,200.1886,10.054322234432,4966.75048308374,0.05,0.00005,1400,0,0
DETLMUOOH,246.257,11.685506456409,6266.00421967524,0.05,0.00005,1400,0,0
NPEBQOOH,231.1596,12.596375035171,6646.52647318122,0.05,0.00005,1400,0,0
HO3C126NO3,247.3312,11.312290023854,5615.29418888935,0.05,0.00005,1400,0,0
INAHPCO3H,227.1263,12.937218016498,6883.77550435112,0.05,0.00005,1400,0,0
TM124QOOH,200.1886,11.808066682481,6457.85986324694,0.05,0.00005,1400,0,0
IPNNCATOOH,324.1984,15.423489550415,8408.91658556235,0.05,0.00005,1400,0,0
C1312OOH,258.3108,13.197935724229,7201.29179512054,0.05,0.00005,1400,0,0
C916NO3,231.2026,10.563630896222,5310.05022536535,0.05,0.00005,1400,0,0
EBENZOLOH,188.1779,10.758735567784,5525.03920716146,0.05,0.00005,1400,0,0
HO3C116OOH,204.3065,10.886194615422,5608.25893843798,0.05,0.00005,1400,0,0
INANCO3H,256.1244,13.094264550653,6639.89852896144,0.05,0.00005,1400,0,0
EBENZOLOOH,204.1773,12.045639192651,6418.41677007986,0.05,0.00005,1400,0,0
C71OOH,162.1837,9.709658974106,4906.42486981875,0.05,0.00005,1400,0,0
NC6PAN1,294.1293,10.955461132284,5531.86635732114,0.05,0.00005,1400,0,0
INANPAN,301.122,12.664470991994,6367.757840776,0.05,0.00005,1400,0,0
TLFUOOH,148.114,10.791722392019,5344.05703122991,0.05,0.00005,1400,0,0
C9DCOOH,184.1892,10.933943210681,5216.13844971023,0.05,0.00005,1400,0,0
INB1NBCO3H,256.1244,13.729414651428,6992.12950546515,0.05,0.00005,1400,0,0
IPRBQO2,199.1806,9.162883450234,4582.07431331743,0.05,0.00005,1400,0,0
MXYBPER2OH,172.1785,10.058763558527,4916.256074454,0.05,0.00005,1400,0,0
C827CO2H,186.2051,10.571542989724,5258.78212021754,0.05,0.00005,1400,0,0
EMPONO2OOH,263.2014,11.803805930861,6295.70414897288,0.05,0.00005,1400,0,0
TM123BPOOH,202.2045,10.927583743127,5484.15367531855,0.05,0.00005,1400,0,0
TM124OLOOH,218.2039,12.401188978948,6669.32899698413,0.05,0.00005,1400,0,0
EBZMUCCO2H,170.1626,10.560943382652,5306.34985151451,0.05,0.00005,1400,0,0
MXYQOOH,186.162,11.452516914378,6206.9476415518,0.05,0.00005,1400,0,0
HO36C11,188.3071,10.289518127192,5159.66083490771,0.05,0.00005,1400,0,0
HO36C10,174.2805,9.933968355255,4908.74861211629,0.05,0.00005,1400,0,0
C1213OH,260.2836,15.237789246682,8323.06363867592,0.05,0.00005,1400,0,0
NC623OOH,209.154,10.460796705519,5179.29478259852,0.05,0.00005,1400,0,0
C7MJPCO3H,216.188,10.422005639741,5446.37268359492,0.05,0.00005,1400,0,0
C1213O2,275.2751,13.692938442857,7119.03427997352,0.05,0.00005,1400,0,0
OXYQOH,170.1626,10.742157293979,5708.5887908501,0.05,0.00005,1400,0,0
C133CO,256.2949,12.777845800108,6631.57290819572,0.05,0.00005,1400,0,0
C151OOH,302.3633,15.686795624812,8916.11951858732,0.05,0.00005,1400,0,0
H134M3C5,134.1736,9.697783601537,4781.72288268433,0.05,0.00005,1400,0,0
C623NO3,193.1546,10.274743400511,4940.61842672195,0.05,0.00005,1400,0,0
BCLKCO,253.3141,8.926710887872,4525.00086973387,0.05,0.00005,1400,0,0
PC3ODBCO2H,142.1525,9.513439853591,4673.91580394739,0.05,0.00005,1400,0,0
C6COOHCO3H,188.1348,9.710906098629,4944.54823879988,0.05,0.00005,1400,0,0
NPETLQOOH,245.1861,12.841081024939,6804.89021521529,0.05,0.00005,1400,0,0
TLEMUCOOH,190.1507,10.484994950843,5447.45229513162,0.05,0.00005,1400,0,0
DNOXYOLOOH,294.1724,12.045639192651,6418.41677007986,0.05,0.00005,1400,0,0
LMLKBOOH,202.2045,10.635352477216,5570.90659419963,0.05,0.00005,1400,0,0
C57OH,134.1305,9.267234374101,4619.16164991681,0.05,0.00005,1400,0,0
MNNCATECO,279.1379,12.22545706592,6123.85507505207,0.05,0.00005,1400,0,0
NBCALOH,315.3621,10.174022607121,5140.79968560685,0.05,0.00005,1400,0,0
C7DCOH,160.1678,8.971837803319,4475.02314238102,0.05,0.00005,1400,0,0
IPBZBPROOH,202.2045,11.672157969728,5950.32700471781,0.05,0.00005,1400,0,0
PNNCATECO2,323.1904,12.936556617562,6625.67952286196,0.05,0.00005,1400,0,0
NAPINBOOH,231.2457,11.348155826329,5360.54463712866,0.05,0.00005,1400,0,0
C717OOH,174.1513,10.467966679951,5119.29464913318,0.05,0.00005,1400,0,0
C826OH,174.1944,10.541595236088,5353.65612247862,0.05,0.00005,1400,0,0
C7DDCOOH,176.1672,9.682197401408,4973.38198669361,0.05,0.00005,1400,0,0
BCLKCCO,252.3062,10.257786830571,5137.69424870592,0.05,0.00005,1400,0,0
PEBQCO,170.1626,10.002569456185,4886.29736192935,0.05,0.00005,1400,0,0
NMETLQO,228.1788,9.683349318427,4929.10466929354,0.05,0.00005,1400,0,0
C6COALCO2H,144.1253,10.169956421251,5061.33635194844,0.05,0.00005,1400,0,0
NDNOETLOOH,353.1965,13.402811500034,7016.35935178619,0.05,0.00005,1400,0,0
OXYMUCOOH,204.1773,10.618857140984,5513.26755140965,0.05,0.00005,1400,0,0
C728NO3,207.1812,10.630293173999,5191.53064995886,0.05,0.00005,1400,0,0
C736OOH,158.1519,9.057117284747,4523.2978585484,0.05,0.00005,1400,0,0
TM123OLOH,202.2045,11.114285333971,5775.951428309,0.05,0.00005,1400,0,0
NBCKOOH,301.3355,11.246041783002,5499.96363686265,0.05,0.00005,1400,0,0
TM123OLO2,217.1959,9.780582887855,4793.54344912867,0.05,0.00005,1400,0,0
DETLMUPAN,273.2393,9.835020997836,5196.43424332454,0.05,0.00005,1400,0,0
IPBENZOLOH,202.2045,11.003441556204,5683.40294880985,0.05,0.00005,1400,0,0
LIMALAOH,184.2322,9.282271753109,4572.44853815237,0.05,0.00005,1400,0,0
C87PAN,261.1855,9.365409563164,4782.49390373889,0.05,0.00005,1400,0,0
C62CPAN,235.1483,9.751226044943,4714.90360623326,0.05,0.00005,1400,0,0
NDNT124LO2,352.1886,10.476730676615,5048.02531933515,0.05,0.00005,1400,0,0
IPBENZOLO2,217.1959,9.669739096709,4700.99496580166,0.05,0.00005,1400,0,0
MEBFUOH,160.1678,9.937044310776,4788.80081711607,0.05,0.00005,1400,0,0
METLBIPNO3,231.2026,11.827999949775,5706.45002675773,0.05,0.00005,1400,0,0
C57NO3PAN,256.1244,12.432141210935,6372.9584653545,0.05,0.00005,1400,0,0
NMXYOLOOH,249.1748,12.936417931878,6672.8986442127,0.05,0.00005,1400,0,0
INB1NBPAN,301.122,13.393800912055,6719.98881864849,0.05,0.00005,1400,0,0
DMEOBPROH,198.2158,9.998846030205,4941.71137603414,0.05,0.00005,1400,0,0
C1213O,259.2757,13.692938442857,7119.03427997352,0.05,0.00005,1400,0,0
C812O,173.1864,10.347886780927,5033.74050536493,0.05,0.00005,1400,0,0
BCAOH,238.3657,10.751639622409,5353.3039643862,0.05,0.00005,1400,0,0
BCAOO,252.3493,9.153776269908,4566.64675013573,0.05,0.00005,1400,0,0
BCLKAO,253.3141,8.926710887872,4525.00086973387,0.05,0.00005,1400,0,0
MMALNAPAN,254.1085,10.502452933707,5260.82217645018,0.05,0.00005,1400,0,0
C144O,255.33,11.139180427328,5544.58867605334,0.05,0.00005,1400,0,0
NORPINIC,172.1785,11.203037994362,5746.24350044833,0.05,0.00005,1400,0,0
NDNMETOLO,336.1892,10.587574467389,5140.57380255694,0.05,0.00005,1400,0,0
IPBFUOH,160.1678,10.570774749342,5162.42566407712,0.05,0.00005,1400,0,0
C72NO3,191.1818,10.350451207998,4926.64753121001,0.05,0.00005,1400,0,0
NEBNZOLO2,248.1669,10.232024691982,4889.66157877155,0.05,0.00005,1400,0,0
C123CO,214.3013,10.075018901933,4999.68478837,0.05,0.00005,1400,0,0
C1H4C5PAN,207.1382,9.580393055663,4765.64435314779,0.05,0.00005,1400,0,0
NEBNZOLOH,233.1754,11.704591313617,5872.06955580185,0.05,0.00005,1400,0,0
INAOOH,197.1433,12.769139636675,6690.62949184384,0.05,0.00005,1400,0,0
NDNPXYOLO2,338.162,10.232024691982,4889.66157877155,0.05,0.00005,1400,0,0
C103OH,188.264,10.649749528679,5403.50846036394,0.05,0.00005,1400,0,0
PETLMUCOOH,218.2039,11.085250704149,5856.72825755303,0.05,0.00005,1400,0,0
HO1C6OOH,134.1736,9.7421761992,4727.32267283654,0.05,0.00005,1400,0,0
NDNPETOLO,336.1892,10.587574467389,5140.57380255694,0.05,0.00005,1400,0,0
C1311OOH,242.3114,12.787891199754,6696.09601588599,0.05,0.00005,1400,0,0
C5DICAROOH,148.114,9.081941651938,4564.10602537101,0.05,0.00005,1400,0,0
ENNCATECO,293.1645,12.581006840541,6374.76729861269,0.05,0.00005,1400,0,0
C127OH,212.2854,10.653029782228,5359.55484549061,0.05,0.00005,1400,0,0
C623O,147.1491,10.274743400511,4940.61842672195,0.05,0.00005,1400,0,0
C145OOH,304.3362,15.76567486517,9076.68516932068,0.05,0.00005,1400,0,0
BPINAOOH,186.2481,10.668670342973,5235.13565849841,0.05,0.00005,1400,0,0
EBZMUCNO3,233.1754,10.886821212108,5454.48754127118,0.05,0.00005,1400,0,0
T124NCTOOH,279.2008,13.773245295662,7688.26137247252,0.05,0.00005,1400,0,0
PBZOBPEROH,184.1892,9.754140026876,4783.34763011877,0.05,0.00005,1400,0,0
MC5COOHOOH,162.1406,9.326647637814,4722.46976628956,0.05,0.00005,1400,0,0
MMALNACO3H,209.111,10.986150569439,5532.96286723885,0.05,0.00005,1400,0,0
DETLBIPNO3,259.2558,12.539099493256,6208.27447222901,0.05,0.00005,1400,0,0
PXYMUCOH,188.1779,9.908497530755,5014.90870361976,0.05,0.00005,1400,0,0
C92OOH,190.2368,10.420758523433,5408.2493169673,0.05,0.00005,1400,0,0
C1310O2,273.3022,12.989354024947,7016.65548568103,0.05,0.00005,1400,0,0
C812OOH,190.1938,12.843565897099,6909.5260531327,0.05,0.00005,1400,0,0
C928CO3H,216.231,10.175765658419,5011.73124249358,0.05,0.00005,1400,0,0
C734OH,176.1672,13.03567098005,7108.06299703178,0.05,0.00005,1400,0,0
HMVKNO3,165.1015,10.637556151772,5290.97831801986,0.05,0.00005,1400,0,0
PHENOH,160.1247,10.158479806188,5115.76324236679,0.05,0.00005,1400,0,0
INB1NACO2H,240.125,14.43074783025,7490.09261144682,0.05,0.00005,1400,0,0
C734O2,191.1586,11.597707829,5975.18825453951,0.05,0.00005,1400,0,0
PXYQOOH,186.162,11.452516914378,6206.9476415518,0.05,0.00005,1400,0,0
C118OH,230.2576,12.806168675329,6604.1602608079,0.05,0.00005,1400,0,0
IPBZOLOOH,218.2039,12.290345185937,6576.78051312065,0.05,0.00005,1400,0,0
C128O,227.2769,10.641199387252,5297.752109314,0.05,0.00005,1400,0,0
C1213CO,258.2677,14.5397562787,7848.65183390893,0.05,0.00005,1400,0,0
NTM124LOOH,263.2014,13.402811500034,7016.35935178619,0.05,0.00005,1400,0,0
C6CO2OHOOH,162.1406,9.326647637814,4722.46976628956,0.05,0.00005,1400,0,0
OXYQCO,168.1467,10.199199434185,4924.30778735795,0.05,0.00005,1400,0,0
HO13C5NO3,165.1445,10.920620115018,5272.85973253602,0.05,0.00005,1400,0,0
C133OH,258.3108,13.517268206805,7105.98470284119,0.05,0.00005,1400,0,0
C118O2,245.2491,11.201658606311,5400.13090355329,0.05,0.00005,1400,0,0
INB1CO,179.1281,10.882262127816,5449.34205612396,0.05,0.00005,1400,0,0
C137PAN,315.319,10.473507152462,5146.65660476382,0.05,0.00005,1400,0,0
C146O,253.3141,8.926710887872,4525.00086973387,0.05,0.00005,1400,0,0
PXNNCATCO,293.1645,12.581006840541,6374.76729861269,0.05,0.00005,1400,0,0
INB1HPCO3,226.1183,11.406452824495,5628.90935628545,0.05,0.00005,1400,0,0
C54OOH,136.1464,10.142598213965,5143.11186283686,0.05,0.00005,1400,0,0
HIEB2OOH,166.1293,11.910181016177,6552.86547861265,0.05,0.00005,1400,0,0
LIMCOOH,186.2481,10.941268072223,5567.26847632992,0.05,0.00005,1400,0,0
C7ADCCO2H,142.1525,9.513439853591,4673.91580394739,0.05,0.00005,1400,0,0
NIPBZOLOOH,263.2014,13.291967700778,6923.81086613615,0.05,0.00005,1400,0,0
MXYBPEROOH,188.1779,11.316608186664,5699.4147787394,0.05,0.00005,1400,0,0
NMXYOLOH,233.1754,11.593747540306,5779.52107757893,0.05,0.00005,1400,0,0
TM124MUO3H,200.1886,9.943478443241,4874.20199974129,0.05,0.00005,1400,0,0
BOXPOLBOOH,164.1995,9.595018418064,4713.21305151921,0.05,0.00005,1400,0,0
OXYOLOH,188.1779,10.758735567784,5525.03920716146,0.05,0.00005,1400,0,0
BCLKCOOH,270.3215,11.637194815691,6177.62832966847,0.05,0.00005,1400,0,0
C62CO3H,190.1507,10.414977610424,5070.61263036609,0.05,0.00005,1400,0,0
LMLKAOOH,202.2045,10.524508700266,5478.35811493287,0.05,0.00005,1400,0,0
BOXCOOLOOH,178.1831,10.569947559033,5247.56183475281,0.05,0.00005,1400,0,0
NPBNZOLOOH,263.2014,13.402811500034,7016.35935178619,0.05,0.00005,1400,0,0
MTNCATECO2,278.1929,11.826056117225,6186.10068493965,0.05,0.00005,1400,0,0
NBCOOH,299.3627,10.214035691577,4890.64869837606,0.05,0.00005,1400,0,0
HPC52CO3,197.1202,10.725231178652,5591.70997317053,0.05,0.00005,1400,0,0
MXYBIPENO3,217.176,11.472450168879,5455.53780139775,0.05,0.00005,1400,0,0
C520OOH,148.114,9.687895557183,4749.20032050396,0.05,0.00005,1400,0,0
OXNNCATCO2,309.1639,12.581006840541,6374.76729861269,0.05,0.00005,1400,0,0
T124NNCTO,307.191,12.825712834677,6533.13104189694,0.05,0.00005,1400,0,0
C614OOH,162.1406,11.441921535213,5645.26446188581,0.05,0.00005,1400,0,0
T123NNCOOH,324.1984,15.312645743885,8316.36809784529,0.05,0.00005,1400,0,0
C610OOH,148.1571,10.459377043587,5200.68865313491,0.05,0.00005,1400,0,0
INAHCO3H,211.1269,11.543426747497,5919.24332768148,0.05,0.00005,1400,0,0
NMETOLO,246.1941,10.476730676615,5048.02531933515,0.05,0.00005,1400,0,0
NPETOLOOH,263.2014,13.402811500034,7016.35935178619,0.05,0.00005,1400,0,0
DETLMUOH,230.2576,10.230572632995,5301.47204632926,0.05,0.00005,1400,0,0
C125OOH,244.2842,11.053568359234,5536.21058541359,0.05,0.00005,1400,0,0
TM135OLOOH,218.2039,12.290345185937,6576.78051312065,0.05,0.00005,1400,0,0
H2M3C4CO2H,132.1577,9.778963322444,4806.13059209646,0.05,0.00005,1400,0,0
C727CO3H,188.1779,10.018885043986,4972.64920602908,0.05,0.00005,1400,0,0
T123NNCTO2,323.1904,12.714869034547,6440.58255599503,0.05,0.00005,1400,0,0
OTNCATCOOH,279.2008,14.45980485207,8154.43472509264,0.05,0.00005,1400,0,0
C925O,203.2124,12.213093420274,6045.38242151701,0.05,0.00005,1400,0,0
INCOOH,197.1433,12.171756597889,6317.0046464972,0.05,0.00005,1400,0,0
C6DICAROOH,162.1406,9.437491416368,4815.01824601385,0.05,0.00005,1400,0,0
DNMETOLO2,307.191,9.780582887855,4793.54344912867,0.05,0.00005,1400,0,0
C516O2,163.1055,11.022145324841,5333.11864964664,0.05,0.00005,1400,0,0
METOLO2,217.1959,9.669739096709,4700.99496580166,0.05,0.00005,1400,0,0
METOLOH,202.2045,11.003441556204,5683.40294880985,0.05,0.00005,1400,0,0
BCAL,236.3499,9.153776269908,4566.64675013573,0.05,0.00005,1400,0,0
C1213NO3,305.2812,13.692938442857,7119.03427997352,0.05,0.00005,1400,0,0
C61OOH,148.1571,9.936490388533,4919.61228731733,0.05,0.00005,1400,0,0
C64NO3,177.1552,10.599833340524,4956.81167450694,0.05,0.00005,1400,0,0
NNCATECO2,281.1107,11.980751082387,5965.49133480309,0.05,0.00005,1400,0,0
MBOBOOH,136.1464,9.33143991355,4627.17779761461,0.05,0.00005,1400,0,0
C1212O,243.2763,12.015749335019,6339.20422478971,0.05,0.00005,1400,0,0
C123OH,216.3172,11.360849064645,5905.33290368536,0.05,0.00005,1400,0,0
C1313OH,242.3114,11.654281382578,6052.92634610927,0.05,0.00005,1400,0,0
HO13C4OOH,122.1198,10.49527526301,5358.37296615749,0.05,0.00005,1400,0,0
C1313O2,257.3028,10.783630646982,5293.67645085355,0.05,0.00005,1400,0,0
C123O2,231.3086,9.774422659028,4772.45816634006,0.05,0.00005,1400,0,0
OTNNCATOOH,324.1984,15.534333326151,8501.46506449238,0.05,0.00005,1400,0,0
TM124MUNO3,247.202,11.020683404606,5520.30279822196,0.05,0.00005,1400,0,0
MXOHNO2OOH,249.1748,12.045639192651,6418.41677007986,0.05,0.00005,1400,0,0
MTNNCATOOH,324.1984,15.423489550415,8408.91658556235,0.05,0.00005,1400,0,0
HO3C96OOH,176.2533,10.175095068524,5106.43449198694,0.05,0.00005,1400,0,0
NOETLQO2,244.1782,9.794193104876,5021.65315127826,0.05,0.00005,1400,0,0
HO36C9,160.2539,9.57841857201,4657.83638608147,0.05,0.00005,1400,0,0
C102OOH,204.2634,10.77630828866,5659.16153783817,0.05,0.00005,1400,0,0
NPHENOH,205.1223,11.104335567193,5462.79359535103,0.05,0.00005,1400,0,0
T124NCATO2,278.1929,11.228673065533,5812.47583590051,0.05,0.00005,1400,0,0
C1312NO3,287.3089,10.996749158294,5548.66433185047,0.05,0.00005,1400,0,0
NORLIMO,187.213,10.026494281942,4845.31845274006,0.05,0.00005,1400,0,0
C57NO3CO3H,211.1269,12.734236678726,6645.09914898717,0.05,0.00005,1400,0,0
NDNPBNZLO,336.1892,10.587574467389,5140.57380255694,0.05,0.00005,1400,0,0
C823OH,158.195,11.123793297297,5681.5798824718,0.05,0.00005,1400,0,0
C817CO3H,202.2045,10.374434805301,5223.56142578035,0.05,0.00005,1400,0,0
H13C43CO3H,150.1299,10.107695259901,5097.58152109569,0.05,0.00005,1400,0,0
NDNOXYOLO2,338.162,10.232024691982,4889.66157877155,0.05,0.00005,1400,0,0
C6CO2OHPAN,233.1324,9.179718166301,4672.40755467333,0.05,0.00005,1400,0,0
MACRNBCO3H,165.1015,10.563383875063,5197.12256212375,0.05,0.00005,1400,0,0
C811NO3,203.1925,10.693985954396,5049.93375397154,0.05,0.00005,1400,0,0
INDHCO3H,211.1269,12.13685363862,6271.47430326281,0.05,0.00005,1400,0,0
HIEB2O2,165.1214,9.753773634423,4900.23801556068,0.05,0.00005,1400,0,0
TM124MUCOH,202.2045,10.153203530001,5173.27244836606,0.05,0.00005,1400,0,0
C137OH,226.312,12.236479447015,6380.85010702686,0.05,0.00005,1400,0,0
C137O2,241.3034,10.11795739199,4895.74438525125,0.05,0.00005,1400,0,0
C151NO3,331.3615,13.553936045973,7263.49205010924,0.05,0.00005,1400,0,0
NPBFUOOH,221.1647,12.722876284039,6192.91183041234,0.05,0.00005,1400,0,0
NDNPHENOOH,311.1168,12.447005963676,6356.17116339081,0.05,0.00005,1400,0,0
C517CO2H,146.1412,11.353001841502,5816.82451315634,0.05,0.00005,1400,0,0
PXYMUCCO3H,186.162,9.698772467225,4715.83826164511,0.05,0.00005,1400,0,0
BZEMUCNO3,205.1223,10.175721659583,4952.6630932094,0.05,0.00005,1400,0,0
HO7C8OOH,162.2267,9.818125638024,4876.91614069476,0.05,0.00005,1400,0,0
C118CO,228.2417,11.989020801294,5962.6117816878,0.05,0.00005,1400,0,0
BCKOOA,254.3221,9.60382791529,4952.80360602628,0.05,0.00005,1400,0,0
BCKOOB,254.3221,9.60382791529,4952.80360602628,0.05,0.00005,1400,0,0
OETLMUCOOH,218.2039,10.974406928054,5764.17977853295,0.05,0.00005,1400,0,0
TM135MUO3H,200.1886,10.054322234432,4966.75048308374,0.05,0.00005,1400,0,0
METLMUCO3H,200.1886,10.054322234432,4966.75048308374,0.05,0.00005,1400,0,0
C56OH,120.147,10.536999919371,5278.06035407648,0.05,0.00005,1400,0,0
DETLOBPROH,212.2423,10.354395801512,5192.6235986467,0.05,0.00005,1400,0,0
C142O,239.3306,10.549789376379,5071.22268989865,0.05,0.00005,1400,0,0
HMVKBCO2H,132.1146,10.997452071683,5565.91229096923,0.05,0.00005,1400,0,0
C8CO2OHPAN,261.1855,9.779973924092,5081.68351837846,0.05,0.00005,1400,0,0
PBZBPERNO3,231.2026,11.938843727465,5798.99850623513,0.05,0.00005,1400,0,0
BOXPOLAOOH,164.1995,9.70728184658,4784.36765727967,0.05,0.00005,1400,0,0
NIPRBQOOH,245.1861,12.841081024939,6804.89021521529,0.05,0.00005,1400,0,0
HO34CO6C8,160.2108,9.938649990185,4901.68401631855,0.05,0.00005,1400,0,0
NTMB2FUOOH,221.1647,12.501188689486,6007.81486024351,0.05,0.00005,1400,0,0
DNOETOLO2,307.191,9.780582887855,4793.54344912867,0.05,0.00005,1400,0,0
C9PAN1,235.2344,9.849598819414,4881.31194831242,0.05,0.00005,1400,0,0
NC4CO2H,161.1128,10.403243149827,4945.0364612326,0.05,0.00005,1400,0,0
PNNCATECO,307.191,12.936556617562,6625.67952286196,0.05,0.00005,1400,0,0
DNPBNZLO,291.1916,9.780582887855,4793.54344912867,0.05,0.00005,1400,0,0
HOCO3C5OOH,134.1305,9.632289861847,4778.22526920314,0.05,0.00005,1400,0,0
NDNMXYLOOH,339.17,13.047261727357,6765.4471287828,0.05,0.00005,1400,0,0
INCNCO3H,256.1244,12.460534098915,6266.2736782295,0.05,0.00005,1400,0,0
TM123MUCOH,202.2045,10.264047312386,5265.82092918718,0.05,0.00005,1400,0,0
BCSOZO,285.356,11.247558986389,5350.2216552996,0.05,0.00005,1400,0,0
BCALCOOH,268.3487,11.147732255806,5791.47148262163,0.05,0.00005,1400,0,0
METLMUCO2H,184.1892,10.80564937878,5464.71359536964,0.05,0.00005,1400,0,0
HOCO3C4OOH,120.1039,9.387583883364,4619.86153040144,0.05,0.00005,1400,0,0
MVKOHAOH,120.1039,9.629537488584,4943.94796553352,0.05,0.00005,1400,0,0
C7CO2OCO3H,202.1614,10.066455875546,5195.46046301947,0.05,0.00005,1400,0,0
C732PAN,249.1748,9.945579338565,4833.54323931782,0.05,0.00005,1400,0,0
BCALBOH,252.3493,11.110733578103,5645.34360630494,0.05,0.00005,1400,0,0
BCALBOC,252.3493,9.395042731534,4643.68407613278,0.05,0.00005,1400,0,0
TM135BP2OH,186.2051,10.414313326745,5167.16829618206,0.05,0.00005,1400,0,0
INANCO3,255.1165,10.817579221855,5032.80140565103,0.05,0.00005,1400,0,0
C106OH,200.2316,9.931735154588,4982.6164717755,0.05,0.00005,1400,0,0
C813O2,205.1852,11.979370503496,5971.91296188408,0.05,0.00005,1400,0,0
MACRNCO3H,181.1009,11.130931213163,5425.01527318644,0.05,0.00005,1400,0,0
BCOOA,252.3493,9.153776269908,4566.64675013573,0.05,0.00005,1400,0,0
BCOOB,252.3493,9.153776269908,4566.64675013573,0.05,0.00005,1400,0,0
DNCRESOOH,280.1458,11.69008941907,6167.50454681772,0.05,0.00005,1400,0,0
APINBOOH,186.2481,9.793674493378,4711.04404956082,0.05,0.00005,1400,0,0
C133OOH,274.3102,14.113944732089,7554.58281698099,0.05,0.00005,1400,0,0
OETLMUCNO3,247.202,11.020683404606,5520.30279822196,0.05,0.00005,1400,0,0
C42CO3H,150.1299,10.705078297823,5471.2063661936,0.05,0.00005,1400,0,0
C2OHOCOOH,122.0767,9.891047263389,4919.62117831001,0.05,0.00005,1400,0,0
C58NO3,179.1281,10.830912886732,5339.81685263856,0.05,0.00005,1400,0,0
BCALOOH,286.3639,13.708051323845,7448.12835999509,0.05,0.00005,1400,0,0
BCALOOA,254.3221,9.60382791529,4952.80360602628,0.05,0.00005,1400,0,0
C810OOH,174.1944,9.818786948675,4833.08258095316,0.05,0.00005,1400,0,0
C527OOH,166.1293,11.457433865007,6174.60115552774,0.05,0.00005,1400,0,0
C1010OH,184.2322,9.16361118304,4603.96886028684,0.05,0.00005,1400,0,0
C1H4C5CO2H,146.1412,10.830115178912,5535.74814518287,0.05,0.00005,1400,0,0
APINCOOH,186.2481,10.26336138465,5224.55032693182,0.05,0.00005,1400,0,0
C730O,161.1757,10.630293173999,5191.53064995886,0.05,0.00005,1400,0,0
HO2C4CO2H,118.1311,9.534257327143,4647.7668484811,0.05,0.00005,1400,0,0
TMB1FUOOH,162.1406,11.03642836559,5502.4207686257,0.05,0.00005,1400,0,0
C512CO2H,144.1253,10.140760225792,4894.19967059887,0.05,0.00005,1400,0,0
INB1NACHO,224.1256,11.792572588911,5686.84720623662,0.05,0.00005,1400,0,0
C88CO2H,184.1892,11.356473049329,5705.09829147948,0.05,0.00005,1400,0,0
NPTLQO2,216.125,9.083093552323,4519.82870320759,0.05,0.00005,1400,0,0
NDEMPHOLO,274.2472,11.187830214422,5549.84976318592,0.05,0.00005,1400,0,0
NPXYOLOOH,249.1748,13.047261727357,6765.4471287828,0.05,0.00005,1400,0,0
C112OOH,218.29,11.131858070728,5910.07376353317,0.05,0.00005,1400,0,0
IPBZMUCPAN,245.1861,9.123921459313,4694.60979927101,0.05,0.00005,1400,0,0
PBZQOH,142.1094,10.031057745558,5206.76434396397,0.05,0.00005,1400,0,0
INANO3,226.1415,12.939026869106,6446.75251469322,0.05,0.00005,1400,0,0
NDNEBZLOOH,339.17,13.047261727357,6765.4471287828,0.05,0.00005,1400,0,0
TM135OBPOH,184.1892,9.643296259538,4690.7991536049,0.05,0.00005,1400,0,0
LMLKACO,184.1892,9.222826156481,4605.56071100015,0.05,0.00005,1400,0,0
C811PAN,247.202,10.542650075306,5227.05192946954,0.05,0.00005,1400,0,0
C141CO3H,268.3487,11.018037904039,5536.6748018194,0.05,0.00005,1400,0,0
OETLMUCO2H,184.1892,10.69480556554,5372.1651057149,0.05,0.00005,1400,0,0
C719NO3,205.1653,13.505459456004,6859.60613320192,0.05,0.00005,1400,0,0
HMACROH,120.1039,9.509067641969,4741.87427275802,0.05,0.00005,1400,0,0
LMKAOOH,188.2209,11.677225964578,6026.11664127454,0.05,0.00005,1400,0,0
C524OH,118.1311,10.14330406381,5107.20284689695,0.05,0.00005,1400,0,0
C621OOH,178.14,12.792351049947,6723.96131808648,0.05,0.00005,1400,0,0
LMKBOOH,188.2209,11.04349552525,5652.491794096,0.05,0.00005,1400,0,0
PETLMUCPAN,245.1861,9.123921459313,4694.60979927101,0.05,0.00005,1400,0,0
MMALNBCO2H,193.1116,11.687483748942,6030.92597341869,0.05,0.00005,1400,0,0
C56NO3,151.118,10.677333793787,5093.1021218572,0.05,0.00005,1400,0,0
DNOETOLOOH,308.199,12.401188978948,6669.32899698413,0.05,0.00005,1400,0,0
EBZBPERNO3,217.176,11.583293968036,5548.08628702118,0.05,0.00005,1400,0,0
C620OOH,160.1247,9.509102429294,4651.03324711507,0.05,0.00005,1400,0,0
C624CO3H,160.1678,10.066910337323,4932.70455105629,0.05,0.00005,1400,0,0
C97OOH,188.2209,10.671047452106,5357.19286577149,0.05,0.00005,1400,0,0
PBZQOOH,158.1088,10.852261139967,5797.67167308901,0.05,0.00005,1400,0,0
NPPRBQO,228.1788,9.794193104876,5021.65315127826,0.05,0.00005,1400,0,0
OXNCATECO,248.1669,11.581350126779,6027.73694271071,0.05,0.00005,1400,0,0
DETLMUO3H,228.2417,10.765421776713,5468.57492821169,0.05,0.00005,1400,0,0
C733OH,160.1678,10.437198967077,5304.81759032323,0.05,0.00005,1400,0,0
NPETLQO,228.1788,9.683349318427,4929.10466929354,0.05,0.00005,1400,0,0
C42OOH,181.1009,10.772260195012,5420.12946448866,0.05,0.00005,1400,0,0
LIMAOH,170.2487,9.749797269204,4746.58222469809,0.05,0.00005,1400,0,0
C829OH,174.1944,10.92403380027,5303.47208244914,0.05,0.00005,1400,0,0
HC4ACO2H,116.1152,9.619083088727,4757.98571029935,0.05,0.00005,1400,0,0
C7CDCCO2H,142.1525,9.513439853591,4673.91580394739,0.05,0.00005,1400,0,0
C6EO2OHPAN,261.1855,9.890817704768,5174.23199871084,0.05,0.00005,1400,0,0
MXYQOH,170.1626,9.997583064587,5242.41546065296,0.05,0.00005,1400,0,0
C87CO3H,216.188,10.455372763418,5138.20293144629,0.05,0.00005,1400,0,0
NOXYOLO2,248.1669,10.232024691982,4889.66157877155,0.05,0.00005,1400,0,0
METLBPROOH,202.2045,11.672157969728,5950.32700471781,0.05,0.00005,1400,0,0
C536OOH,182.0426,11.660415206395,6413.27751192566,0.05,0.00005,1400,0,0
C5O5OHCO3H,162.1406,9.209610473021,4560.22156582985,0.05,0.00005,1400,0,0
H3M3C5CO2H,146.1843,9.500782650593,4683.41796643585,0.05,0.00005,1400,0,0
NOXYOLOH,233.1754,11.704591313617,5872.06955580185,0.05,0.00005,1400,0,0
INB2O,180.136,10.585249434646,5038.00202846685,0.05,0.00005,1400,0,0
BCSOZOOH,302.3633,13.853345134301,7226.00720022831,0.05,0.00005,1400,0,0
HMACROOH,136.1033,11.009746544947,5777.56106027107,0.05,0.00005,1400,0,0
NPBNZOLO,246.1941,10.587574467389,5140.57380255694,0.05,0.00005,1400,0,0
PNCATECO,262.1935,11.936899920652,6278.64917178562,0.05,0.00005,1400,0,0
C108OOH,216.231,11.312928434571,5686.93435689425,0.05,0.00005,1400,0,0
OETLQONE,150.1745,8.160289681279,4242.8226616567,0.05,0.00005,1400,0,0
C4PAN10,195.0844,9.5159786813,4781.38495059769,0.05,0.00005,1400,0,0
C524OOH,134.1305,10.832824666033,5626.9555690912,0.05,0.00005,1400,0,0
C61CO3H,190.1507,10.525821389511,5163.16111024306,0.05,0.00005,1400,0,0
C77OOH,162.1837,9.547465939285,4704.35118226215,0.05,0.00005,1400,0,0
HO3C5CO2H,132.1577,9.889807102647,4898.679072295,0.05,0.00005,1400,0,0
C4OH2CO3H,150.1299,9.296536947927,4581.64745256053,0.05,0.00005,1400,0,0
PPRBQONE,150.1745,8.160289681279,4242.8226616567,0.05,0.00005,1400,0,0
PEBQOH,172.1785,10.553441182336,5612.96688891953,0.05,0.00005,1400,0,0
C137OOH,242.3114,12.310269294805,6548.37184892501,0.05,0.00005,1400,0,0
C525OOH,166.1293,12.574333772113,7107.17014018812,0.05,0.00005,1400,0,0
C137CO2H,254.3221,13.336336647525,7251.71684337312,0.05,0.00005,1400,0,0
MTNNCATCO2,323.1904,12.825712834677,6533.13104189694,0.05,0.00005,1400,0,0
C3DIOLOOH,108.0932,9.92595021884,4965.15152045162,0.05,0.00005,1400,0,0
C614NO3,191.1388,11.582377846114,5401.38748725587,0.05,0.00005,1400,0,0
OXNCATCOOH,265.1742,14.104255034796,7903.52248937308,0.05,0.00005,1400,0,0
MXNCATCOOH,265.1742,13.993411252097,7810.97400844382,0.05,0.00005,1400,0,0
C58NO3CO3,210.1189,10.697512864892,5109.15663472392,0.05,0.00005,1400,0,0
C811OH,158.195,10.458730577109,5126.28899013739,0.05,0.00005,1400,0,0
METLQOH,184.1892,10.353132830145,5493.327681619,0.05,0.00005,1400,0,0
PXYOLOH,188.1779,10.758735567784,5525.03920716146,0.05,0.00005,1400,0,0
METLQO2,199.1806,9.162883450234,4582.07431331743,0.05,0.00005,1400,0,0
PETOLOOH,218.2039,12.401188978948,6669.32899698413,0.05,0.00005,1400,0,0
H3C25CCO2H,174.1513,11.292350171463,6017.32058281499,0.05,0.00005,1400,0,0
H3C25C6OOH,162.1406,9.660598657714,4978.7213413127,0.05,0.00005,1400,0,0
NCRESOH,219.1489,11.349041545534,5621.1573341137,0.05,0.00005,1400,0,0
OTNCATECO2,278.1929,11.936899920652,6278.64917178562,0.05,0.00005,1400,0,0
C610NO3,177.1552,10.599833340524,4956.81167450694,0.05,0.00005,1400,0,0
C95OOH,202.2045,9.986919041778,4783.47391656403,0.05,0.00005,1400,0,0
H3C25C6PAN,235.1483,10.009027326948,5163.64844965934,0.05,0.00005,1400,0,0
PETOLO,201.1965,9.780582887855,4793.54344912867,0.05,0.00005,1400,0,0
METLMUCNO3,247.202,11.131527200673,5612.85128296114,0.05,0.00005,1400,0,0
INCNCHO,224.1256,10.34746697362,4960.99137905373,0.05,0.00005,1400,0,0
C7MCO2OOH,172.1785,9.190979480822,4589.11311652303,0.05,0.00005,1400,0,0
OXYBIPENO3,217.176,11.472450168879,5455.53780139775,0.05,0.00005,1400,0,0
DMEBMUOOH,232.2304,11.329956686944,6015.09199759031,0.05,0.00005,1400,0,0
NC61CO3H,249.1318,12.063436883412,5887.57538322127,0.05,0.00005,1400,0,0
C517OOH,134.1305,10.326934501413,5113.47952232456,0.05,0.00005,1400,0,0
MTNNCATCO,307.191,12.825712834677,6533.13104189694,0.05,0.00005,1400,0,0
C134OOH,288.2937,14.325408933987,7856.39763465035,0.05,0.00005,1400,0,0
C734O,175.1592,11.597707829,5975.18825453951,0.05,0.00005,1400,0,0
NDNMXYOLO,322.1626,10.232024691982,4889.66157877155,0.05,0.00005,1400,0,0
C113OOH,218.29,11.714239261992,6174.17340522599,0.05,0.00005,1400,0,0
HO7CO10C12,200.3178,10.009664449944,4936.16125691573,0.05,0.00005,1400,0,0
DNPHENOOH,266.1192,11.445383443481,6009.14080884195,0.05,0.00005,1400,0,0
C148O,269.1388,9.151744795941,4602.03819175049,0.05,0.00005,1400,0,0
C103OOH,204.2634,11.358689491047,5923.26118271741,0.05,0.00005,1400,0,0
H13CO2CO3H,150.0868,9.797615849723,5137.0939726909,0.05,0.00005,1400,0,0
C516OOH,164.1134,13.095287037084,6985.74611037999,0.05,0.00005,1400,0,0
DNMETOLOOH,308.199,12.401188978948,6669.32899698413,0.05,0.00005,1400,0,0
OETLBPR2OH,186.2051,9.780582887855,4793.54344912867,0.05,0.00005,1400,0,0
OETLBIPNO3,231.2026,11.827999949775,5706.45002675773,0.05,0.00005,1400,0,0
DMEPHOLOOH,232.2304,12.645894946044,6827.69273252721,0.05,0.00005,1400,0,0
HO13C4NO3,151.118,10.675914133114,5114.49599275187,0.05,0.00005,1400,0,0
PETLBIPNO3,231.2026,11.827999949775,5706.45002675773,0.05,0.00005,1400,0,0
C525O,149.122,10.467670350829,5454.54267780986,0.05,0.00005,1400,0,0
HO24C5OOH,136.1464,10.253441998716,5235.66034433563,0.05,0.00005,1400,0,0
HO3C96NO3,205.2515,10.245640704196,4862.55751940946,0.05,0.00005,1400,0,0
HIEB1O,149.122,10.45804429999,5345.01746968992,0.05,0.00005,1400,0,0
INB1HPCO3H,227.1263,13.530644914373,7236.00648186579,0.05,0.00005,1400,0,0
C107OOH,200.2316,9.817231151354,4760.06844793044,0.05,0.00005,1400,0,0
C142OH,240.3386,11.364129332057,5861.37929277904,0.05,0.00005,1400,0,0
MMALNBPAN,254.1085,10.502452933707,5260.82217645018,0.05,0.00005,1400,0,0
MXYFUOOH,162.1406,11.03642836559,5502.4207686257,0.05,0.00005,1400,0,0
PHENOOH,176.1241,11.445383443481,6009.14080884195,0.05,0.00005,1400,0,0
NPETOLO,246.1941,10.587574467389,5140.57380255694,0.05,0.00005,1400,0,0
OETOLOOH,218.2039,12.401188978948,6669.32899698413,0.05,0.00005,1400,0,0
C1310CO,256.2949,13.979297063372,7746.27304071776,0.05,0.00005,1400,0,0
LIMALNO3,247.2451,10.38204404398,5096.23067269874,0.05,0.00005,1400,0,0
C84OOH,174.1944,9.434790346138,4682.92529374334,0.05,0.00005,1400,0,0
NC102O2,260.2207,10.659633650228,5165.56488700047,0.05,0.00005,1400,0,0
NAPINAOOH,231.2457,11.348155826329,5360.54463712866,0.05,0.00005,1400,0,0
LIMALO2,217.239,10.38204404398,5096.23067269874,0.05,0.00005,1400,0,0
C72OH,146.1843,9.583100204424,4650.77178956772,0.05,0.00005,1400,0,0
C720OOH,144.1684,9.810864667969,4880.0687071301,0.05,0.00005,1400,0,0
C7M6CO2OOH,172.1785,9.190979480822,4589.11311652303,0.05,0.00005,1400,0,0
NIPBNZOLO2,262.1935,10.476730676615,5048.02531933515,0.05,0.00005,1400,0,0
LIMALOH,202.2475,11.252694795812,5855.48057260313,0.05,0.00005,1400,0,0
INDHPCHO,195.1275,11.652116290108,5930.72418432957,0.05,0.00005,1400,0,0
C734CO,174.1513,12.670141162673,6543.16678447764,0.05,0.00005,1400,0,0
PBZMUCCO2H,184.1892,10.916493165993,5557.26207757304,0.05,0.00005,1400,0,0
INCNPAN,301.122,11.94869529982,5994.13299233994,0.05,0.00005,1400,0,0
OETLQO,183.1812,9.273727249612,4674.6227990038,0.05,0.00005,1400,0,0
MNCATECO,234.1403,11.225800369947,5776.82472424394,0.05,0.00005,1400,0,0
INB1OH,181.1439,12.566158305002,6451.95313822625,0.05,0.00005,1400,0,0
C116CHO,210.2695,8.892728360172,4450.97915722023,0.05,0.00005,1400,0,0
INB1O2,196.1354,11.2203995232,5390.23300147106,0.05,0.00005,1400,0,0
CO25C6CO3H,174.1513,9.774179062393,4814.2854663361,0.05,0.00005,1400,0,0
C108OH,200.2316,9.968776389824,4864.7113959741,0.05,0.00005,1400,0,0
H13M3C5NO3,179.1711,10.5315956592,5057.59862559894,0.05,0.00005,1400,0,0
C535OOH,180.1128,10.82910402424,5776.83983946569,0.05,0.00005,1400,0,0
C147OOH,286.3209,13.714232027712,7645.61948950821,0.05,0.00005,1400,0,0
C131CO2H,254.3221,12.238448085536,6420.79475866032,0.05,0.00005,1400,0,0
CY6DIONOOH,144.1253,10.719464441138,4993.33608155454,0.05,0.00005,1400,0,0
INCCO,179.1281,9.613381596896,4723.48623507096,0.05,0.00005,1400,0,0
MC7CO2OOH,172.1785,9.190979480822,4589.11311652303,0.05,0.00005,1400,0,0
C917OOH,186.2051,11.070110554988,5622.85945365037,0.05,0.00005,1400,0,0
LIMALBOOH,200.2316,10.145889908721,5184.74974468541,0.05,0.00005,1400,0,0
DMEBPR2OH,200.2316,10.769863101459,5418.08051977009,0.05,0.00005,1400,0,0
NDNPETOLO2,352.1886,10.587574467389,5140.57380255694,0.05,0.00005,1400,0,0
C1211OOH,244.2842,12.895027613429,6934.5287031116,0.05,0.00005,1400,0,0
C812O2,189.1858,10.347886780927,5033.74050536493,0.05,0.00005,1400,0,0
OXYOLOOH,204.1773,12.045639192651,6418.41677007986,0.05,0.00005,1400,0,0
DETLBPROOH,230.2576,12.383257516204,6452.1514510487,0.05,0.00005,1400,0,0
C812OH,174.1944,11.55666225633,6016.1484856637,0.05,0.00005,1400,0,0
C718CO2H,172.1785,10.186797059658,4840.73322676702,0.05,0.00005,1400,0,0
BOX2OHAOOH,150.173,9.985462525175,4907.08028487366,0.05,0.00005,1400,0,0
C6NO3COOOH,193.1546,10.163874951462,4952.78226164475,0.05,0.00005,1400,0,0
DNT123LOOH,308.199,11.692962124524,6203.15566129606,0.05,0.00005,1400,0,0
PXNCATECO2,264.1663,11.581350126779,6027.73694271071,0.05,0.00005,1400,0,0
C129OH,226.2689,10.173320935322,5156.05116888748,0.05,0.00005,1400,0,0
C152O,285.356,11.735996665756,5872.53822623754,0.05,0.00005,1400,0,0
C136OOH,226.312,10.328527834262,5080.38069412753,0.05,0.00005,1400,0,0
NMBOBOOH,181.1439,10.249835753411,4974.20814996049,0.05,0.00005,1400,0,0
C141CO2H,252.3493,11.76936502102,6034.63790627013,0.05,0.00005,1400,0,0
C4DBMEPAN,231.1596,8.982387867318,4506.75155964113,0.05,0.00005,1400,0,0
PXNCATCOOH,265.1742,14.104255034796,7903.52248937308,0.05,0.00005,1400,0,0
C58NO3PAN,256.1244,12.432141210935,6372.9584653545,0.05,0.00005,1400,0,0
C63OOH,148.1571,10.570220828511,5293.23713468463,0.05,0.00005,1400,0,0
PXYMUCOOH,204.1773,10.729700932466,5605.81603483306,0.05,0.00005,1400,0,0
IPNNCATCO2,323.1904,12.825712834677,6533.13104189694,0.05,0.00005,1400,0,0
LIMALAOOH,200.2316,10.035046115702,5092.20126081945,0.05,0.00005,1400,0,0
C7DCOOH,176.1672,9.793041197655,5065.9304714836,0.05,0.00005,1400,0,0
NMXYFUOOH,207.1382,12.256482724466,5849.45112529488,0.05,0.00005,1400,0,0
C126OOH,212.2854,9.972978053209,4829.46846872469,0.05,0.00005,1400,0,0
DETLMUCO,229.2497,9.378005530333,4613.37676225286,0.05,0.00005,1400,0,0
C127OOH,228.2848,12.432341412363,6445.18378866969,0.05,0.00005,1400,0,0
NPXYQOOH,231.1596,12.485531239981,6553.97798869545,0.05,0.00005,1400,0,0
C823CO3H,202.2045,11.522317301938,6054.48350795306,0.05,0.00005,1400,0,0
C711OOH,162.1837,9.075928540178,4532.80002418581,0.05,0.00005,1400,0,0
EMPHCOMOOH,194.2271,9.809533956822,4983.68985542473,0.05,0.00005,1400,0,0
APINAOOH,186.2481,10.427404911358,5084.66889062629,0.05,0.00005,1400,0,0
IPMLNHYOOH,190.1507,9.913554885199,4816.0685082446,0.05,0.00005,1400,0,0
NORLIMOOH,204.2203,12.239815412897,6497.94591571365,0.05,0.00005,1400,0,0
DNOETOLO,291.1916,9.780582887855,4793.54344912867,0.05,0.00005,1400,0,0
NDNT123OOH,353.1965,13.291967700778,6923.81086613615,0.05,0.00005,1400,0,0
C114OOH,216.2741,10.501439666073,5435.66196330286,0.05,0.00005,1400,0,0
C519OOH,134.1305,9.632289861847,4778.22526920314,0.05,0.00005,1400,0,0
INB2O2,196.1354,10.585249434646,5038.00202846685,0.05,0.00005,1400,0,0
BCALCCO,250.3334,9.936818200532,4918.67407722736,0.05,0.00005,1400,0,0
TM123OLO,201.1965,9.780582887855,4793.54344912867,0.05,0.00005,1400,0,0
NIPRBQO2,244.1782,9.683349318427,4929.10466929354,0.05,0.00005,1400,0,0
DNT124LOOH,308.199,11.692962124524,6203.15566129606,0.05,0.00005,1400,0,0
PINONIC,184.2322,9.991616157919,4780.07679132654,0.05,0.00005,1400,0,0
C2OHOCO2H,106.0773,10.570232322375,5417.58428979128,0.05,0.00005,1400,0,0
C135O2,301.2693,12.594501240832,6317.50620844256,0.05,0.00005,1400,0,0
HOBUT2CO2H,118.1311,10.057143997139,4928.84321857593,0.05,0.00005,1400,0,0
C69OOH,148.1571,9.354109205193,4655.51264789171,0.05,0.00005,1400,0,0
C126OOA,226.2689,8.892728360172,4450.97915722023,0.05,0.00005,1400,0,0
INAO,180.136,10.585249434646,5038.00202846685,0.05,0.00005,1400,0,0
NC524O,196.1354,13.15958520052,6804.18411506753,0.05,0.00005,1400,0,0
C151O,285.356,13.553936045973,7263.49205010924,0.05,0.00005,1400,0,0
DMEBMUO3H,214.2152,10.409872014081,5217.6627080847,0.05,0.00005,1400,0,0
NCATECO2,236.1131,10.981094370211,5618.46097935643,0.05,0.00005,1400,0,0
PBZMUCOH,202.2045,10.374891105667,5358.36941312754,0.05,0.00005,1400,0,0
EBZBPER2OH,172.1785,10.169607349717,5008.80455779645,0.05,0.00005,1400,0,0
C537O,165.0399,9.484392152312,4760.65005159131,0.05,0.00005,1400,0,0
NNCATECO,265.1113,11.980751082387,5965.49133480309,0.05,0.00005,1400,0,0
NCRESOOH,235.1483,12.691711932153,6514.53489932824,0.05,0.00005,1400,0,0
NMETOLOH,247.202,11.949297328132,6030.43330492054,0.05,0.00005,1400,0,0
TM135BPOOH,202.2045,11.672157969728,5950.32700471781,0.05,0.00005,1400,0,0
C619OOH,144.1253,10.066712406599,4943.12358154812,0.05,0.00005,1400,0,0
C519CO2H,146.1412,11.353001841502,5816.82451315634,0.05,0.00005,1400,0,0
NC72OOH,233.1324,12.288646314775,5993.90177692833,0.05,0.00005,1400,0,0
NDEMPLOOH,291.2546,14.003067267178,7425.63531817132,0.05,0.00005,1400,0,0
C622CO3H,160.1678,10.066910337323,4932.70455105629,0.05,0.00005,1400,0,0
NMETOLO2,262.1935,10.476730676615,5048.02531933515,0.05,0.00005,1400,0,0
NIPRBQO,228.1788,9.683349318427,4929.10466929354,0.05,0.00005,1400,0,0
HOC4CHOOOH,134.1305,9.632289861847,4778.22526920314,0.05,0.00005,1400,0,0
OETOLO2,217.1959,9.780582887855,4793.54344912867,0.05,0.00005,1400,0,0
C145O2,303.3282,13.628883637829,7424.05769333836,0.05,0.00005,1400,0,0
NOXYOLO,232.1675,10.232024691982,4889.66157877155,0.05,0.00005,1400,0,0
C145OH,288.3368,14.371883584395,8112.15298926302,0.05,0.00005,1400,0,0
C106NO3,245.2292,10.919180670964,5560.96244896263,0.05,0.00005,1400,0,0
OETOLOH,202.2045,11.114285333971,5775.951428309,0.05,0.00005,1400,0,0
C41OH,120.1039,9.619911429908,4834.42275517161,0.05,0.00005,1400,0,0
C732OOH,176.1672,11.78234146693,6235.25847948141,0.05,0.00005,1400,0,0
C7ADCOOH,176.1672,8.937623174308,4507.20865715355,0.05,0.00005,1400,0,0
C924OOH,188.2209,10.943645170285,5689.32568043428,0.05,0.00005,1400,0,0
C5EDBPAN,231.1596,8.982387867318,4506.75155964113,0.05,0.00005,1400,0,0
HO5C6CO3H,162.1837,9.544023684744,4651.62818594779,0.05,0.00005,1400,0,0
MXYMUCCO2H,170.1626,10.450099604624,5213.80137194137,0.05,0.00005,1400,0,0
C524NO3,163.1287,11.005445864533,5383.07859089888,0.05,0.00005,1400,0,0
C822CO2H,170.2057,10.301129113271,5084.45546290416,0.05,0.00005,1400,0,0
TM135MUPAN,245.1861,9.123921459313,4694.60979927101,0.05,0.00005,1400,0,0
INCOH,181.1439,11.375348381999,5726.09731927536,0.05,0.00005,1400,0,0
NOXYQOOH,231.1596,12.596375035171,6646.52647318122,0.05,0.00005,1400,0,0
OXYMUCOH,188.1779,9.797653753976,4922.36022440304,0.05,0.00005,1400,0,0
METLQONE,150.1745,8.160289681279,4242.8226616567,0.05,0.00005,1400,0,0
HO3C126OOH,218.333,11.241744388116,5859.17116144838,0.05,0.00005,1400,0,0
C626CO2H,158.1519,10.41466240481,5219.70009220444,0.05,0.00005,1400,0,0
T124NCATO,262.1935,11.228673065533,5812.47583590051,0.05,0.00005,1400,0,0
DETLMUNO3,275.2552,11.731782955397,6022.12724578863,0.05,0.00005,1400,0,0
PINALNO3,229.2298,10.066208826205,4851.44572332983,0.05,0.00005,1400,0,0
C136CO3H,254.3221,10.662488131464,5285.76257884339,0.05,0.00005,1400,0,0
PETLQOOH,200.1886,11.808066682481,6457.85986324694,0.05,0.00005,1400,0,0
KLIMONIC,188.1779,11.842627586905,6292.31153157584,0.05,0.00005,1400,0,0
C143OOH,272.3374,13.553485487208,7452.20401534849,0.05,0.00005,1400,0,0
DNPETOLO2,307.191,9.780582887855,4793.54344912867,0.05,0.00005,1400,0,0
HO2C54CO2H,132.1577,9.778963322444,4806.13059209646,0.05,0.00005,1400,0,0
C58NO3CO2H,195.1275,13.413421736844,7143.06226022205,0.05,0.00005,1400,0,0
MXYMUCOH,188.1779,9.908497530755,5014.90870361976,0.05,0.00005,1400,0,0
C113NO3,247.2881,11.77265032103,5930.29642962177,0.05,0.00005,1400,0,0
C139OH,242.3114,12.936759122301,7078.45822541268,0.05,0.00005,1400,0,0
NDNIPBZLO2,352.1886,10.476730676615,5048.02531933515,0.05,0.00005,1400,0,0
NDNMXYOLO2,338.162,10.232024691982,4889.66157877155,0.05,0.00005,1400,0,0
C139O2,257.3028,12.125635655217,6288.30162351056,0.05,0.00005,1400,0,0
BCKBOO,254.3221,9.60382791529,4952.80360602628,0.05,0.00005,1400,0,0
C7EDCOH,160.1678,8.971837803319,4475.02314238102,0.05,0.00005,1400,0,0
HPNC524CO,211.1269,13.608229969803,7344.67528870826,0.05,0.00005,1400,0,0
PBFUOH,160.1678,10.681618535298,5254.97414592203,0.05,0.00005,1400,0,0
DMEBMUPAN,259.2127,9.479471225914,4945.52202053615,0.05,0.00005,1400,0,0
NOXYOLOOH,249.1748,13.047261727357,6765.4471287828,0.05,0.00005,1400,0,0
OXYBPEROOH,188.1779,11.316608186664,5699.4147787394,0.05,0.00005,1400,0,0
C7MOCOCO3H,216.188,10.422005639741,5446.37268359492,0.05,0.00005,1400,0,0
LIMONONIC,184.2322,10.656678882411,5335.36768489546,0.05,0.00005,1400,0,0
NC91CO3H,245.2292,10.990162352389,5184.40469305591,0.05,0.00005,1400,0,0
ENCATECOOH,265.1742,14.104255034796,7903.52248937308,0.05,0.00005,1400,0,0
C728OH,162.1837,11.480180709,5950.78054370774,0.05,0.00005,1400,0,0
C712OOH,162.1837,10.181196392322,5077.97603336608,0.05,0.00005,1400,0,0
INANCO,224.1256,11.208771728629,5444.1414330485,0.05,0.00005,1400,0,0
C133O,257.3028,11.912758144213,5901.95534742733,0.05,0.00005,1400,0,0
NDNOETOLO2,352.1886,10.587574467389,5140.57380255694,0.05,0.00005,1400,0,0
CO1H63OOH,148.1571,10.682484276128,5364.39174591258,0.05,0.00005,1400,0,0
C728O2,177.1751,10.630293173999,5191.53064995886,0.05,0.00005,1400,0,0
C41NO3,165.1015,10.586206884064,5181.45310691353,0.05,0.00005,1400,0,0
C915OOH,186.2051,10.541478189454,4992.98036653436,0.05,0.00005,1400,0,0
NDNIPBLOOH,353.1965,13.291967700778,6923.81086613615,0.05,0.00005,1400,0,0
PBENZOLOH,202.2045,11.114285333971,5775.951428309,0.05,0.00005,1400,0,0
PETOLOH,202.2045,11.114285333971,5775.951428309,0.05,0.00005,1400,0,0
PETLMUCO3H,200.1886,10.054322234432,4966.75048308374,0.05,0.00005,1400,0,0
C116CO2H,226.2689,11.527348545436,5918.97031415541,0.05,0.00005,1400,0,0
C914OOH,200.1886,11.03472676798,5350.81658821264,0.05,0.00005,1400,0,0
LMLKAOH,186.2051,9.771734337538,4958.60539222662,0.05,0.00005,1400,0,0
CHOC4OHOOH,134.1305,9.691784403307,4761.24854658506,0.05,0.00005,1400,0,0
IPRBQOH,184.1892,10.986863279736,5866.95253173698,0.05,0.00005,1400,0,0
PBENZOLO2,217.1959,9.780582887855,4793.54344912867,0.05,0.00005,1400,0,0
C916OH,186.2051,9.576185385724,4731.70424986246,0.05,0.00005,1400,0,0
C919OOH,202.2045,10.920337410432,5553.92720504501,0.05,0.00005,1400,0,0
LIMALOOH,218.2469,12.595365180607,6748.85813729626,0.05,0.00005,1400,0,0
NLIMALOOH,263.2445,10.529886507705,5334.9070308782,0.05,0.00005,1400,0,0
PBZMUCCO,200.1886,9.861301169704,4741.22509042803,0.05,0.00005,1400,0,0
TM124MUPAN,245.1861,9.01307766258,4602.0613143418,0.05,0.00005,1400,0,0
NEBNZOLO,232.1675,10.232024691982,4889.66157877155,0.05,0.00005,1400,0,0
C813OH,190.1938,12.867120414551,6802.31747111569,0.05,0.00005,1400,0,0
PEBQOOH,188.1779,10.739494497775,5851.64324778353,0.05,0.00005,1400,0,0
C131OOH,242.3114,11.153160671647,5717.44976957884,0.05,0.00005,1400,0,0
PETLBPROOH,202.2045,11.672157969728,5950.32700471781,0.05,0.00005,1400,0,0
HO36C12,202.3336,10.645067881404,5410.57305262541,0.05,0.00005,1400,0,0
C8OHCO2PAN,261.1855,9.890817704768,5174.23199871084,0.05,0.00005,1400,0,0
C6HOCOOOH,148.1571,9.98783964514,5029.13749524823,0.05,0.00005,1400,0,0
NDNT124OOH,353.1965,13.291967700778,6923.81086613615,0.05,0.00005,1400,0,0
OETLBPROOH,202.2045,11.672157969728,5950.32700471781,0.05,0.00005,1400,0,0
C818OH,174.1944,10.792748734719,5555.72981188552,0.05,0.00005,1400,0,0
NPEBQO,214.1522,9.438643343261,4770.74093144432,0.05,0.00005,1400,0,0
C4COMOHOOH,148.1571,9.875576181077,4957.98287930621,0.05,0.00005,1400,0,0
BCLKBOH,254.3221,11.600196174445,6031.50046379014,0.05,0.00005,1400,0,0
C128OH,228.2848,12.245709447558,6501.78146407266,0.05,0.00005,1400,0,0
BCLKBOC,254.3221,9.828861831187,5029.84093028276,0.05,0.00005,1400,0,0
C732CO3,203.1693,9.945579338565,4833.54323931782,0.05,0.00005,1400,0,0
IPNCATECO2,278.1929,11.826056117225,6186.10068493965,0.05,0.00005,1400,0,0
C128O2,243.2763,10.641199387252,5297.752109314,0.05,0.00005,1400,0,0
BCLKBO2,269.3135,9.037554667172,4617.54934967169,0.05,0.00005,1400,0,0
C731CO3H,188.1779,10.018885043986,4972.64920602908,0.05,0.00005,1400,0,0
NTM123OLO,246.1941,10.587574467389,5140.57380255694,0.05,0.00005,1400,0,0
DNEBNZLOOH,294.1724,12.045639192651,6418.41677007986,0.05,0.00005,1400,0,0
MXNNCATCO2,309.1639,12.470163046345,6282.2188144122,0.05,0.00005,1400,0,0
NC91PAN,290.2268,10.14815968742,4912.26401147043,0.05,0.00005,1400,0,0
C927OOH,188.2209,11.450856302634,6023.31623677922,0.05,0.00005,1400,0,0
HO24C4CO3H,150.1299,10.218539052311,5190.13000478414,0.05,0.00005,1400,0,0
INB1NBCHO,224.1256,11.792572588911,5686.84720623662,0.05,0.00005,1400,0,0
C1211CO2H,256.2949,12.955313728117,6991.58175369297,0.05,0.00005,1400,0,0
HO124C5,120.147,10.050460650541,4996.98398599345,0.05,0.00005,1400,0,0
C135O,285.2699,12.594501240832,6317.50620844256,0.05,0.00005,1400,0,0
TM124OLO2,217.1959,9.780582887855,4793.54344912867,0.05,0.00005,1400,0,0
PTLQOH,156.136,10.386607524381,5457.67656872845,0.05,0.00005,1400,0,0
C821OOH,174.1513,9.901693443495,4784.04039611877,0.05,0.00005,1400,0,0
C622OOH,132.1577,9.7421761992,4727.32267283654,0.05,0.00005,1400,0,0
TM124OLOH,202.2045,11.114285333971,5775.951428309,0.05,0.00005,1400,0,0
C137NO3,271.3095,10.11795739199,4895.74438525125,0.05,0.00005,1400,0,0
C1011CO2H,198.2588,10.347165929068,5030.98901389383,0.05,0.00005,1400,0,0
C924OH,172.2215,10.23470522151,5169.57296197282,0.05,0.00005,1400,0,0
C920PAN,261.2286,10.212379126401,5088.66985217723,0.05,0.00005,1400,0,0
HPC52CO3H,198.1281,12.732721682669,7127.65248094141,0.05,0.00005,1400,0,0
PTLQOOH,172.1354,11.207810924765,6048.58389956257,0.05,0.00005,1400,0,0
HOACETEOOH,136.1033,10.137028683209,4868.45001374149,0.05,0.00005,1400,0,0
C628OOH,162.1406,10.678325703376,5502.50347678868,0.05,0.00005,1400,0,0
C142OOH,256.338,13.143440972225,6947.00823883163,0.05,0.00005,1400,0,0
ENCATECO2,264.1663,11.581350126779,6027.73694271071,0.05,0.00005,1400,0,0
C6CYTONOOH,158.1088,10.486305391398,4966.68645647384,0.05,0.00005,1400,0,0
PXYBIPENO3,217.176,11.472450168879,5455.53780139775,0.05,0.00005,1400,0,0
C813NO3,235.1913,14.333147945838,7380.66345036635,0.05,0.00005,1400,0,0
C1014OOH,218.2469,10.327777798942,5041.75042189535,0.05,0.00005,1400,0,0
PXYOLOOH,204.1773,12.045639192651,6418.41677007986,0.05,0.00005,1400,0,0
C818OOH,190.1938,11.501688689255,6075.48253199678,0.05,0.00005,1400,0,0
C116OH,198.2588,10.418616690317,5048.1035806499,0.05,0.00005,1400,0,0
C122OOH,232.3166,11.487407849577,6160.98598830324,0.05,0.00005,1400,0,0
BCKBCO,238.3227,10.444966468615,5224.10746045623,0.05,0.00005,1400,0,0
C123OOH,232.3166,12.069789024858,6425.08562542186,0.05,0.00005,1400,0,0
C132O2,257.3028,10.413188268482,5122.12529197694,0.05,0.00005,1400,0,0
C137CO3,269.3135,10.473507152462,5146.65660476382,0.05,0.00005,1400,0,0
C1313O,241.3034,10.783630646982,5293.67645085355,0.05,0.00005,1400,0,0
C132OH,242.3114,11.664169453768,6104.53326883902,0.05,0.00005,1400,0,0
NPXYQO,214.1522,9.327799535132,4678.19244324868,0.05,0.00005,1400,0,0
C65NO3CO2H,177.1552,10.647949147181,5103.40020543874,0.05,0.00005,1400,0,0
C6CONO3OOH,193.1546,10.053031158061,4860.23377766968,0.05,0.00005,1400,0,0
INAHPCHO,195.1275,11.016966185341,5578.49320668294,0.05,0.00005,1400,0,0
C137O,225.304,10.11795739199,4895.74438525125,0.05,0.00005,1400,0,0
DDECOOH,202.3336,9.697732711064,4747.6902921638,0.05,0.00005,1400,0,0
PNCATECOOH,279.2008,14.45980485207,8154.43472509264,0.05,0.00005,1400,0,0
BCKAO,239.3306,10.493267432441,4980.21091763717,0.05,0.00005,1400,0,0
C5MEJPAN,261.1855,9.890817704768,5174.23199871084,0.05,0.00005,1400,0,0
NDMEPHOLOH,261.2286,12.304847097594,6281.34552700547,0.05,0.00005,1400,0,0
NMETOLOOH,263.2014,13.291967700778,6923.81086613615,0.05,0.00005,1400,0,0
NDMEPHOLO2,276.2201,10.832280447689,5298.93754188054,0.05,0.00005,1400,0,0
TLEMUCOH,174.1513,9.663791545908,4856.54496299534,0.05,0.00005,1400,0,0
IPBZOBPROH,184.1892,9.643296259538,4690.7991536049,0.05,0.00005,1400,0,0
C625OH,148.1571,10.433942472904,5386.00794550174,0.05,0.00005,1400,0,0
TM124OLO,201.1965,9.780582887855,4793.54344912867,0.05,0.00005,1400,0,0
ENNCATECO2,309.1639,12.581006840541,6374.76729861269,0.05,0.00005,1400,0,0
IPNCATCOOH,279.2008,14.34896104402,8061.88623695929,0.05,0.00005,1400,0,0
INAHPCO2H,211.1269,13.616403060135,7381.73861143626,0.05,0.00005,1400,0,0
TM124QONE,150.1745,8.160289681279,4242.8226616567,0.05,0.00005,1400,0,0
C625O2,163.1485,9.690942540592,4697.9126536393,0.05,0.00005,1400,0,0
C811OOH,174.1944,10.532520427961,5293.81073291112,0.05,0.00005,1400,0,0
BCLKAOOH,270.3215,11.637194815691,6177.62832966847,0.05,0.00005,1400,0,0
TM123OLOOH,218.2039,12.401188978948,6669.32899698413,0.05,0.00005,1400,0,0
OETLQOH,184.1892,11.09770707095,5959.50101508565,0.05,0.00005,1400,0,0
OETLQO2,199.1806,9.273727249612,4674.6227990038,0.05,0.00005,1400,0,0
INANCO2H,240.125,13.795597746185,7137.86163973062,0.05,0.00005,1400,0,0
HO6CO9C11,186.2912,9.654114687926,4685.24903696025,0.05,0.00005,1400,0,0
C1212OOH,260.2836,14.511428436692,8214.9897683856,0.05,0.00005,1400,0,0
C4PAN2,181.1009,10.169028475079,5040.70194345323,0.05,0.00005,1400,0,0
C1310OH,258.3108,14.534204836845,8220.68484669299,0.05,0.00005,1400,0,0
INB1NBCO2H,240.125,14.43074783025,7490.09261144682,0.05,0.00005,1400,0,0
C1214O,227.2769,10.057638480878,4871.21306469726,0.05,0.00005,1400,0,0
C921OOH,204.2203,11.902871051721,6435.88972555861,0.05,0.00005,1400,0,0
BCLKBO,253.3141,9.037554667172,4617.54934967169,0.05,0.00005,1400,0,0
C734OOH,192.1666,13.725191544408,7627.81570840859,0.05,0.00005,1400,0,0
NORLIMO2,203.2124,10.026494281942,4845.31845274006,0.05,0.00005,1400,0,0
NTM124QO2,244.1782,9.683349318427,4929.10466929354,0.05,0.00005,1400,0,0
C10PAN1,249.261,10.205148598851,5132.2241732552,0.05,0.00005,1400,0,0
TLBIPERNO3,203.1495,11.227744185204,5297.17406110719,0.05,0.00005,1400,0,0
MXYMUCNO3,233.1754,10.775977413847,5361.93905590522,0.05,0.00005,1400,0,0
C630OOH,146.1412,9.911249920984,5120.42227948785,0.05,0.00005,1400,0,0
NNCATECOOH,282.1186,14.578527823669,7841.27688576474,0.05,0.00005,1400,0,0
C818CO,172.1785,10.800072002011,5202.68512502642,0.05,0.00005,1400,0,0
MXNNCATOOH,310.1718,15.067939774964,8158.00436178081,0.05,0.00005,1400,0,0
C1310OOH,274.3102,15.11683777122,8669.28294835747,0.05,0.00005,1400,0,0
MACRNCO2H,165.1015,11.832264400182,5922.97838151708,0.05,0.00005,1400,0,0
NDNCRESOOH,325.1434,12.691711932153,6514.53489932824,0.05,0.00005,1400,0,0
C144O2,271.3294,11.139180427328,5544.58867605334,0.05,0.00005,1400,0,0
H3C25C6OH,146.1412,9.474545347156,4740.04498384666,0.05,0.00005,1400,0,0
C732OH,160.1678,11.708551616135,6067.73673671997,0.05,0.00005,1400,0,0
TLBIPEROOH,174.1513,11.071902218055,5541.05104276394,0.05,0.00005,1400,0,0
C93NO3,219.235,11.061550765172,5428.47198060324,0.05,0.00005,1400,0,0
C825CO,172.1785,12.201058075759,6157.0099256714,0.05,0.00005,1400,0,0
C1215O,243.2763,11.557208376247,5651.04312577209,0.05,0.00005,1400,0,0
NC524NO3,242.1409,15.513362627942,8212.93459928064,0.05,0.00005,1400,0,0
BZBIPERNO3,189.1229,10.983038214522,5138.81032453934,0.05,0.00005,1400,0,0
NC102OOH,261.2286,13.370117598302,6818.19235273483,0.05,0.00005,1400,0,0
TM124BP2OH,186.2051,9.669739096709,4700.99496580166,0.05,0.00005,1400,0,0
C139O,241.3034,12.125635655217,6288.30162351056,0.05,0.00005,1400,0,0
NDNOXYLOOH,339.17,13.047261727357,6765.4471287828,0.05,0.00005,1400,0,0
DMEBMUOH,216.231,9.875022856861,5050.55982233422,0.05,0.00005,1400,0,0
C923CO3H,200.2316,9.905351750919,4837.4045762945,0.05,0.00005,1400,0,0
NOETOLO2,262.1935,10.698418258626,5233.12228591369,0.05,0.00005,1400,0,0
INDOH,181.1439,11.968775267745,6078.3282933184,0.05,0.00005,1400,0,0
INDO2,196.1354,11.2203995232,5390.23300147106,0.05,0.00005,1400,0,0
IPBZMUCO2H,184.1892,10.80564937878,5464.71359536964,0.05,0.00005,1400,0,0
PTNNCATCO2,323.1904,12.936556617562,6625.67952286196,0.05,0.00005,1400,0,0
NDNEBNZLO,322.1626,10.232024691982,4889.66157877155,0.05,0.00005,1400,0,0
NOETOLOH,247.202,12.170984888303,6215.53026524594,0.05,0.00005,1400,0,0
CYHXOLAOOH,132.1577,9.891956141891,4821.40786297527,0.05,0.00005,1400,0,0
C721OOH,160.1678,10.569435674762,5266.05659258151,0.05,0.00005,1400,0,0
MXYOLOOH,204.1773,11.934795412277,6325.86828983431,0.05,0.00005,1400,0,0
C826OOH,190.1938,11.884265643628,6247.03369368465,0.05,0.00005,1400,0,0
TM124MUOOH,218.2039,10.974406928054,5764.17977853295,0.05,0.00005,1400,0,0
BZEMUCOOH,176.1241,10.129445181708,5196.54007314094,0.05,0.00005,1400,0,0
EBZMUCCO3H,186.162,9.809616239598,4808.38673959998,0.05,0.00005,1400,0,0
EBFUOH,146.1412,10.326068752467,5004.06192000857,0.05,0.00005,1400,0,0
TM124BPNO3,231.2026,11.717156151526,5613.90154139184,0.05,0.00005,1400,0,0
NPPRBQO2,244.1782,9.794193104876,5021.65315127826,0.05,0.00005,1400,0,0
HOPINONIC,200.2316,11.303230114738,5858.77364559728,0.05,0.00005,1400,0,0
PBZMUCPAN,245.1861,9.234765243202,4787.15828052287,0.05,0.00005,1400,0,0
METLMUCOOH,218.2039,11.085250704149,5856.72825755303,0.05,0.00005,1400,0,0
C719OOH,176.1672,13.238952075703,7103.48310804761,0.05,0.00005,1400,0,0
C5DBEPAN,231.1596,8.982387867318,4506.75155964113,0.05,0.00005,1400,0,0
INB1NBCO3,255.1165,11.546909129541,5385.032379979,0.05,0.00005,1400,0,0
C730OOH,178.1831,12.767084360256,6844.15811418079,0.05,0.00005,1400,0,0
C521OH,132.1146,10.517741515319,4984.12472479913,0.05,0.00005,1400,0,0
BCKAO2,255.33,10.493267432441,4980.21091763717,0.05,0.00005,1400,0,0
NMETLQO2,244.1782,9.683349318427,4929.10466929354,0.05,0.00005,1400,0,0
C8CO2DBPAN,231.1596,8.982387867318,4506.75155964113,0.05,0.00005,1400,0,0
C136OH,210.3126,10.305083381475,4912.85894639493,0.05,0.00005,1400,0,0
PXNCATECO,248.1669,11.581350126779,6027.73694271071,0.05,0.00005,1400,0,0
C113OH,202.2906,11.005299313688,5654.42068689945,0.05,0.00005,1400,0,0
NEBFUOOH,207.1382,12.367326504196,5941.99960535583,0.05,0.00005,1400,0,0
C1210CO3H,256.2949,11.131571187552,5671.91942882182,0.05,0.00005,1400,0,0
LIMALO,201.2396,10.38204404398,5096.23067269874,0.05,0.00005,1400,0,0
BCKAOO,254.3221,9.60382791529,4952.80360602628,0.05,0.00005,1400,0,0
BCKAOH,240.3386,11.783645689374,5962.61889586874,0.05,0.00005,1400,0,0
NPXYFUOOH,193.1116,12.01177672518,5691.08738053698,0.05,0.00005,1400,0,0
C152O2,301.3554,11.735996665756,5872.53822623754,0.05,0.00005,1400,0,0
C827CO3H,202.2045,9.820215877265,4760.81901706188,0.05,0.00005,1400,0,0
PBFUOOH,176.1672,11.50282194637,5845.88147981511,0.05,0.00005,1400,0,0
C6MOCOCO3H,202.1614,10.066455875546,5195.46046301947,0.05,0.00005,1400,0,0
C58OH,134.1305,9.267234374101,4619.16164991681,0.05,0.00005,1400,0,0
BCLKBOOH,270.3215,11.74803861646,6270.17681575331,0.05,0.00005,1400,0,0
C152OH,286.3639,12.606647376995,6631.7881145196,0.05,0.00005,1400,0,0
C141OO,270.3215,12.238448085536,6420.79475866032,0.05,0.00005,1400,0,0
NTM135OLO2,262.1935,10.476730676615,5048.02531933515,0.05,0.00005,1400,0,0
METLMUCPAN,245.1861,9.123921459313,4694.60979927101,0.05,0.00005,1400,0,0
NTM135OLOH,247.202,11.949297328132,6030.43330492054,0.05,0.00005,1400,0,0
PBZBPER2OH,186.2051,10.525157113508,5259.71677825821,0.05,0.00005,1400,0,0
C59OOH,150.1299,10.670651694115,5693.2190347526,0.05,0.00005,1400,0,0
HNMVKOH,165.1015,10.002406034749,4938.74733686445,0.05,0.00005,1400,0,0
IC7DCOOH,176.1672,9.682197401408,4973.38198669361,0.05,0.00005,1400,0,0
PNCATECO2,278.1929,11.936899920652,6278.64917178562,0.05,0.00005,1400,0,0
MNNCATCOOH,296.1452,14.823233794955,7999.64062254696,0.05,0.00005,1400,0,0
HO13C4OH,106.1204,10.292293944976,5119.69661644461,0.05,0.00005,1400,0,0
NCATECOOH,237.1211,13.503999276926,7494.24652562544,0.05,0.00005,1400,0,0
MMALNACO2H,193.1116,11.687483748942,6030.92597341869,0.05,0.00005,1400,0,0
CONO3C6OOH,193.1546,10.053031158061,4860.23377766968,0.05,0.00005,1400,0,0
C128CO,226.2689,11.522173369277,5860.23298824153,0.05,0.00005,1400,0,0
C621O2,177.1321,10.650184049735,5071.33385338838,0.05,0.00005,1400,0,0
PETLMUCNO3,247.202,11.131527200673,5612.85128296114,0.05,0.00005,1400,0,0
C61CPAN,235.1483,9.862069829411,4807.45208764875,0.05,0.00005,1400,0,0
C624OOH,132.1577,9.7421761992,4727.32267283654,0.05,0.00005,1400,0,0
C919NO3,231.2026,10.563630896222,5310.05022536535,0.05,0.00005,1400,0,0
HO6C7OOH,148.2001,9.462575862268,4626.00391680833,0.05,0.00005,1400,0,0
C926OH,186.2051,9.055958653201,4584.98054603422,0.05,0.00005,1400,0,0
C148OOH,286.1416,11.862228746851,6254.66565829548,0.05,0.00005,1400,0,0
NDNIPBZLO,336.1892,10.476730676615,5048.02531933515,0.05,0.00005,1400,0,0
METLQO,183.1812,9.162883450234,4582.07431331743,0.05,0.00005,1400,0,0
C917OH,170.2057,9.72595853371,4800.63649944917,0.05,0.00005,1400,0,0
TLBIPER2OH,158.1519,9.814057571367,4757.89233316703,0.05,0.00005,1400,0,0
C930OH,186.2051,9.724070418638,4706.3476592609,0.05,0.00005,1400,0,0
BCALO2,285.356,11.494730184928,5795.50089474183,0.05,0.00005,1400,0,0
INB1NACO3H,256.1244,13.729414651428,6992.12950546515,0.05,0.00005,1400,0,0
BCALCOH,252.3493,10.39495788959,5271.71875891571,0.05,0.00005,1400,0,0
C920OOH,188.2209,10.277162784916,5155.42865770259,0.05,0.00005,1400,0,0
BCALOH,270.3645,12.365380930859,6554.75079295895,0.05,0.00005,1400,0,0
C928CO2H,200.2316,10.927092773198,5509.69434631211,0.05,0.00005,1400,0,0
PXNNCATOOH,310.1718,15.178783568757,8250.55284584422,0.05,0.00005,1400,0,0
BCALOO,254.3221,9.60382791529,4952.80360602628,0.05,0.00005,1400,0,0
C1214O2,243.2763,10.057638480878,4871.21306469726,0.05,0.00005,1400,0,0
NMXYQOOH,231.1596,12.485531239981,6553.97798869545,0.05,0.00005,1400,0,0
C813O,189.1858,11.979370503496,5971.91296188408,0.05,0.00005,1400,0,0
OETLQCO,182.1733,10.554749204523,5175.2200096931,0.05,0.00005,1400,0,0
BCLKACO,252.3062,10.335512272467,5304.83092589702,0.05,0.00005,1400,0,0
C1214OH,228.2848,11.308619685285,5853.62104703471,0.05,0.00005,1400,0,0
C144OOH,272.3374,13.352501544728,7197.21613514649,0.05,0.00005,1400,0,0
HO3C86OOH,162.2267,9.81954529534,4855.52226883663,0.05,0.00005,1400,0,0
C145O,287.3288,13.628883637829,7424.05769333836,0.05,0.00005,1400,0,0
INB2OOH,197.1433,12.769139636675,6690.62949184384,0.05,0.00005,1400,0,0
C824OOH,174.1944,10.588095396528,5438.41345712052,0.05,0.00005,1400,0,0
C1313OOH,258.3108,12.996951770826,6946.30391179116,0.05,0.00005,1400,0,0
INB1HPCHO,195.1275,11.652116290108,5930.72418432957,0.05,0.00005,1400,0,0
C76OOH,162.1837,9.709658974106,4906.42486981875,0.05,0.00005,1400,0,0
T123NNCTO,307.191,12.714869034547,6440.58255599503,0.05,0.00005,1400,0,0
C128OOH,244.2842,12.842385953463,6950.37957266303,0.05,0.00005,1400,0,0
HO8C9CO3H,204.2634,10.61067299922,5404.36485394536,0.05,0.00005,1400,0,0
IPRBQO,183.1812,9.162883450234,4582.07431331743,0.05,0.00005,1400,0,0
DMEBPROOH,216.231,12.027707734918,6201.23922557896,0.05,0.00005,1400,0,0
APINCNO3,215.2463,10.288546652315,4980.67335572684,0.05,0.00005,1400,0,0
ALC4DOLOOH,150.1299,10.87875706246,5747.39691910515,0.05,0.00005,1400,0,0
BZEMUCCO2H,142.1094,9.849843838173,4804.52540575596,0.05,0.00005,1400,0,0
CO2HOC6OOH,148.1571,9.464952990008,4748.0611294091,0.05,0.00005,1400,0,0
NOXYQO2,230.1516,9.438643343261,4770.74093144432,0.05,0.00005,1400,0,0
C98OOH,204.2203,12.399146720447,6284.05877600811,0.05,0.00005,1400,0,0
C730OH,162.1837,11.480180709,5950.78054370774,0.05,0.00005,1400,0,0
DMEBIPNO3,245.2292,12.183549722069,5957.36224965088,0.05,0.00005,1400,0,0
MVKOHAOOH,136.1033,9.832518813445,5182.62431720068,0.05,0.00005,1400,0,0
C730O2,177.1751,10.630293173999,5191.53064995886,0.05,0.00005,1400,0,0
C1211O,227.2769,10.702715709917,5281.9012392396,0.05,0.00005,1400,0,0
C94OOH,188.2209,9.790340123959,4933.83751822131,0.05,0.00005,1400,0,0
PPRBQO,185.1971,8.881723120646,4449.92800241798,0.05,0.00005,1400,0,0
C819OOH,190.1938,11.389425237613,6004.32791961309,0.05,0.00005,1400,0,0
C824OH,158.195,9.879155446669,4918.66073834927,0.05,0.00005,1400,0,0
PBENZOLO,201.1965,9.780582887855,4793.54344912867,0.05,0.00005,1400,0,0
NTM123OLO2,262.1935,10.587574467389,5140.57380255694,0.05,0.00005,1400,0,0
C927OH,172.2215,10.220449360895,5201.09328201002,0.05,0.00005,1400,0,0
C57AOOH,150.1299,10.063642598516,5210.06897957595,0.05,0.00005,1400,0,0
NTM123OLOH,247.202,12.060141111013,6122.98178588429,0.05,0.00005,1400,0,0
CO1H63OH,132.1577,10.085807772825,4915.79363806661,0.05,0.00005,1400,0,0
C7BDCOOH,176.1672,9.682197401408,4973.38198669361,0.05,0.00005,1400,0,0
PBZMUCNO3,247.202,11.242370979761,5705.39976283811,0.05,0.00005,1400,0,0
C56OOH,136.1464,10.739981252402,5516.73670808281,0.05,0.00005,1400,0,0
IPNCATECO,262.1935,11.826056117225,6186.10068493965,0.05,0.00005,1400,0,0
C630OH,130.1418,9.725196633754,4881.74592870056,0.05,0.00005,1400,0,0
C929OH,188.2209,10.594079582183,5343.89962697989,0.05,0.00005,1400,0,0
C525O2,165.1214,10.467670350829,5454.54267780986,0.05,0.00005,1400,0,0
NC101OOH,245.2292,12.041067036914,5885.51754150524,0.05,0.00005,1400,0,0
C817OOH,174.1944,10.040474524226,5018.17954568245,0.05,0.00005,1400,0,0
PTNCATECO2,278.1929,11.936899920652,6278.64917178562,0.05,0.00005,1400,0,0
C813OOH,206.1932,14.047136422325,7624.54042802742,0.05,0.00005,1400,0,0
C51OOH,134.1305,10.214671056302,5042.32491181225,0.05,0.00005,1400,0,0
PBENZOLOOH,218.2039,12.401188978948,6669.32899698413,0.05,0.00005,1400,0,0
C87CO2H,200.1886,11.206699881418,5636.16603618797,0.05,0.00005,1400,0,0
NTM124QO,228.1788,9.683349318427,4929.10466929354,0.05,0.00005,1400,0,0
PETLQOH,184.1892,10.353132830145,5493.327681619,0.05,0.00005,1400,0,0
C811CO3H,202.2045,10.857254558506,5499.19260896257,0.05,0.00005,1400,0,0
DNPXYOLOOH,294.1724,12.045639192651,6418.41677007986,0.05,0.00005,1400,0,0
NTM124QOOH,245.1861,12.841081024939,6804.89021521529,0.05,0.00005,1400,0,0
PETLQO2,199.1806,9.162883450234,4582.07431331743,0.05,0.00005,1400,0,0
INAHCO2H,195.1275,12.2226117947,6417.20643578911,0.05,0.00005,1400,0,0
C117OH,214.2582,10.953069898006,5602.70881984881,0.05,0.00005,1400,0,0
BCBOOA,270.3215,9.828861831187,5029.84093028276,0.05,0.00005,1400,0,0
C147O,269.3135,11.521920111714,5992.99202208031,0.05,0.00005,1400,0,0
NDNPXYOLO,322.1626,10.232024691982,4889.66157877155,0.05,0.00005,1400,0,0
BCBOOH,254.3651,11.460579570335,5873.05668260457,0.05,0.00005,1400,0,0
NTM124OLOH,247.202,12.060141111013,6122.98178588429,0.05,0.00005,1400,0,0
BCAOOH,254.3651,12.09431001039,6246.68152999129,0.05,0.00005,1400,0,0
NPBNZOLO2,262.1935,10.587574467389,5140.57380255694,0.05,0.00005,1400,0,0
NPBNZOLOH,247.202,12.060141111013,6122.98178588429,0.05,0.00005,1400,0,0
C113CO,200.2747,9.719469143458,4748.77256943158,0.05,0.00005,1400,0,0
C5OHCO4OOH,134.1305,9.520026420267,4707.07065970308,0.05,0.00005,1400,0,0
NTM124OLO2,262.1935,10.587574467389,5140.57380255694,0.05,0.00005,1400,0,0
NTM135OLO,246.1941,10.476730676615,5048.02531933515,0.05,0.00005,1400,0,0
C143CO,254.3221,12.29287362815,6529.1941076315,0.05,0.00005,1400,0,0
METLMUCOH,202.2045,10.264047312386,5265.82092918718,0.05,0.00005,1400,0,0
C147OH,270.3215,13.00529207336,7125.86676947259,0.05,0.00005,1400,0,0
C147O2,285.3129,11.521920111714,5992.99202208031,0.05,0.00005,1400,0,0
OXNNCATOOH,310.1718,15.178783568757,8250.55284584422,0.05,0.00005,1400,0,0
C526OOH,166.1293,11.457433865007,6174.60115552774,0.05,0.00005,1400,0,0
C930OOH,202.2045,11.068222440813,5528.57061371931,0.05,0.00005,1400,0,0
C721PAN,233.1754,10.187100303525,4976.13970672182,0.05,0.00005,1400,0,0
OETLMUCPAN,245.1861,9.01307766258,4602.0613143418,0.05,0.00005,1400,0,0
INDOOH,197.1433,13.362566522359,7042.86046586851,0.05,0.00005,1400,0,0
DNIPBNZLO,291.1916,9.669739096709,4700.99496580166,0.05,0.00005,1400,0,0
PXNNCATCO2,309.1639,12.581006840541,6374.76729861269,0.05,0.00005,1400,0,0
C131CO,224.2961,9.188677393782,4534.75469952906,0.05,0.00005,1400,0,0
BCSOZNO3,331.3615,11.247558986389,5350.2216552996,0.05,0.00005,1400,0,0
C66OOH,148.1571,9.876995856932,4936.58901275967,0.05,0.00005,1400,0,0
C1211NO3,273.2824,10.702715709917,5281.9012392396,0.05,0.00005,1400,0,0
C1210OH,212.2854,10.774166453102,5299.01580082249,0.05,0.00005,1400,0,0
NBPINBOOH,231.2457,11.01175184396,5229.9350359538,0.05,0.00005,1400,0,0
T123NCATO2,278.1929,11.117829288015,5719.92735646991,0.05,0.00005,1400,0,0
INAOH,181.1439,11.375348381999,5726.09731927536,0.05,0.00005,1400,0,0
STYRENOOH,154.1632,9.928969440901,4969.46462737865,0.05,0.00005,1400,0,0
INAO2,196.1354,10.585249434646,5038.00202846685,0.05,0.00005,1400,0,0
C828CO3H,216.188,10.543657074625,4945.70966511899,0.05,0.00005,1400,0,0
BCLKAO2,269.3135,8.926710887872,4525.00086973387,0.05,0.00005,1400,0,0
BCLKAOH,254.3221,10.884420472603,5657.87561258521,0.05,0.00005,1400,0,0
TLEMUCNO3,219.1489,10.531271433226,5203.57531649163,0.05,0.00005,1400,0,0
C626CO3H,174.1513,9.663335259414,4721.73697961422,0.05,0.00005,1400,0,0
OTNNCATCO2,323.1904,12.936556617562,6625.67952286196,0.05,0.00005,1400,0,0
C825OOH,190.1938,13.140433266663,7241.65886590194,0.05,0.00005,1400,0,0
PXYMUCCO2H,170.1626,10.450099604624,5213.80137194137,0.05,0.00005,1400,0,0
C1310NO3,303.3083,12.989354024947,7016.65548568103,0.05,0.00005,1400,0,0
C101OOH,188.264,9.92694125298,4882.93492219026,0.05,0.00005,1400,0,0
C829OOH,190.1938,12.154440733093,6125.69503466723,0.05,0.00005,1400,0,0
PETLBPR2OH,186.2051,9.780582887855,4793.54344912867,0.05,0.00005,1400,0,0
C922O,203.2124,11.607409237483,5710.12816823067,0.05,0.00005,1400,0,0
MXYMUCOOH,204.1773,10.729700932466,5605.81603483306,0.05,0.00005,1400,0,0
HC23C4CO3H,162.0975,10.5607157382,5106.11612467408,0.05,0.00005,1400,0,0
C717NO3,203.1495,10.111260170777,4875.41767089658,0.05,0.00005,1400,0,0
NPXYQO2,230.1516,9.327799535132,4678.19244324868,0.05,0.00005,1400,0,0
HO6C7CO3H,176.2102,9.899573457946,4902.54040910186,0.05,0.00005,1400,0,0
BCLKBCO,252.3062,10.335512272467,5304.83092589702,0.05,0.00005,1400,0,0
DNPETOLOOH,308.199,12.401188978948,6669.32899698413,0.05,0.00005,1400,0,0
T124NNCOOH,324.1984,15.423489550415,8408.91658556235,0.05,0.00005,1400,0,0
BZEMUCOH,160.1247,9.308241768698,4605.63273869203,0.05,0.00005,1400,0,0
C93OOH,190.2368,11.003139702459,5672.34895515708,0.05,0.00005,1400,0,0
C103NO3,233.2616,11.417100547685,5679.38420642426,0.05,0.00005,1400,0,0
INCNCO2H,240.125,13.16186731197,6764.23679401588,0.05,0.00005,1400,0,0
NIPBNZOLOH,247.202,11.949297328132,6030.43330492054,0.05,0.00005,1400,0,0
C53OOH,134.1305,9.632289861847,4778.22526920314,0.05,0.00005,1400,0,0
LIMALBOH,184.2322,9.998047440568,4946.07338523764,0.05,0.00005,1400,0,0
NPPRBQOOH,245.1861,12.951924814404,6897.43869806453,0.05,0.00005,1400,0,0
C625OOH,164.1565,11.827733741575,6350.54012207655,0.05,0.00005,1400,0,0
OETLMUCOH,202.2045,10.153203530001,5173.27244836606,0.05,0.00005,1400,0,0
INANCOCO2H,238.1091,12.086351841665,6135.25055962363,0.05,0.00005,1400,0,0
MACRNBCO2H,165.1015,10.563383875063,5197.12256212375,0.05,0.00005,1400,0,0
NDMEPLOOH,277.228,13.64751747574,7174.72308979501,0.05,0.00005,1400,0,0
INAHPPAN,272.1238,12.618194504351,6611.63481791215,0.05,0.00005,1400,0,0
HO24C5NO3,165.1445,10.397733460974,4991.78336700915,0.05,0.00005,1400,0,0
HO134C5,120.147,10.050460650541,4996.98398599345,0.05,0.00005,1400,0,0
PETLQO,183.1812,9.162883450234,4582.07431331743,0.05,0.00005,1400,0,0
NDNT123LO2,352.1886,10.476730676615,5048.02531933515,0.05,0.00005,1400,0,0
C1210CO2H,240.2955,11.882898312741,6169.88253562271,0.05,0.00005,1400,0,0
C57NO3CO2H,195.1275,13.413421736844,7143.06226022205,0.05,0.00005,1400,0,0
TM123MUNO3,247.202,11.131527200673,5612.85128296114,0.05,0.00005,1400,0,0
NDEMPHOLOH,275.2552,12.660396854661,6532.25774553994,0.05,0.00005,1400,0,0
C732CO3H,204.1773,12.107075613647,6440.64036015978,0.05,0.00005,1400,0,0
NC1313OOH,303.3083,10.931473086658,5532.3528021475,0.05,0.00005,1400,0,0
BCBOO,252.3493,9.153776269908,4566.64675013573,0.05,0.00005,1400,0,0
C8PAN1,221.2078,9.494049034508,4630.39972180889,0.05,0.00005,1400,0,0
METOLOOH,218.2039,12.290345185937,6576.78051312065,0.05,0.00005,1400,0,0
IPBZBPRNO3,231.2026,11.827999949775,5706.45002675773,0.05,0.00005,1400,0,0
DNPBNZLOOH,308.199,12.401188978948,6669.32899698413,0.05,0.00005,1400,0,0
C1215OOH,260.2836,13.758394945347,7303.67058994909,0.05,0.00005,1400,0,0
NDEMPHOLO2,290.2466,11.187830214422,5549.84976318592,0.05,0.00005,1400,0,0
NIPBNZOLO,246.1941,10.476730676615,5048.02531933515,0.05,0.00005,1400,0,0
TM135MUO2H,184.1892,10.80564937878,5464.71359536964,0.05,0.00005,1400,0,0
INB1NACO3,255.1165,11.546909129541,5385.032379979,0.05,0.00005,1400,0,0
C1312CO,240.2955,11.937323873755,6278.28188985896,0.05,0.00005,1400,0,0
C143O,255.33,11.35229893519,5799.57655606324,0.05,0.00005,1400,0,0
C536O2,181.0348,9.484392152312,4760.65005159131,0.05,0.00005,1400,0,0
C820OOH,204.1773,12.211878118558,6356.35524811857,0.05,0.00005,1400,0,0
MTNCATCOOH,279.2008,14.34896104402,8061.88623695929,0.05,0.00005,1400,0,0
CY6COCOOOH,144.1253,10.643200395208,5111.24115384938,0.05,0.00005,1400,0,0
LIMAOOH,186.2481,11.092467650768,5639.95978846637,0.05,0.00005,1400,0,0
MEBFUOOH,176.1672,11.391978155392,5753.33299653364,0.05,0.00005,1400,0,0
T123NCTOOH,279.2008,13.662401556109,7595.71290387907,0.05,0.00005,1400,0,0
PTNNCATCO,307.191,12.936556617562,6625.67952286196,0.05,0.00005,1400,0,0
C928OOH,188.2209,9.841805367692,4806.34935963194,0.05,0.00005,1400,0,0
BCALAOOH,268.3487,11.147732255806,5791.47148262163,0.05,0.00005,1400,0,0
MACRNPAN,226.0984,10.79531749608,5152.87459275069,0.05,0.00005,1400,0,0
C88CO3H,200.1886,10.605145915774,5207.1351822829,0.05,0.00005,1400,0,0
C817OH,158.195,10.017030090557,4850.65780342339,0.05,0.00005,1400,0,0
NOETLQOOH,245.1861,12.951924814404,6897.43869806453,0.05,0.00005,1400,0,0
C143O2,271.3294,11.35229893519,5799.57655606324,0.05,0.00005,1400,0,0
MNNCATECO2,295.1373,12.22545706592,6123.85507505207,0.05,0.00005,1400,0,0
C6MOHCOPAN,247.159,9.53526792484,4923.31977363079,0.05,0.00005,1400,0,0
C146CO,252.3062,10.257786830571,5137.69424870592,0.05,0.00005,1400,0,0
HMVKBCO3H,148.114,10.296118860712,5067.9491757793,0.05,0.00005,1400,0,0
C143OH,256.338,12.956809004781,7003.60591348133,0.05,0.00005,1400,0,0
NSTYRENOOH,199.1608,10.740154835663,5245.34036675144,0.05,0.00005,1400,0,0
C521OOH,148.114,10.70379481712,5222.8010797575,0.05,0.00005,1400,0,0
C126OO,226.2689,8.892728360172,4450.97915722023,0.05,0.00005,1400,0,0
C147CO,268.3056,13.021490011268,6772.82208435135,0.05,0.00005,1400,0,0
EMPHCOMOH,178.2277,9.661691503236,4745.01350014757,0.05,0.00005,1400,0,0
C126CO2H,224.2961,11.058265473332,5532.81345959115,0.05,0.00005,1400,0,0
C5M2OHCO3H,202.1614,10.066455875546,5195.46046301947,0.05,0.00005,1400,0,0
EBZMUCPAN,231.1596,8.879215465408,4536.24605605216,0.05,0.00005,1400,0,0
DHPMPAL,136.1033,9.239686155733,4602.2863076068,0.05,0.00005,1400,0,0
DHPMEK,136.0371,9.350529947783,4694.83479119523,0.05,0.00005,1400,0,0
C135OOH,302.2772,14.807822373612,7970.13367193854,0.05,0.00005,1400,0,0
INB1OOH,197.1433,13.362566522359,7042.86046586851,0.05,0.00005,1400,0,0
DETLMUO2H,212.2423,11.516748907842,5966.53803671706,0.05,0.00005,1400,0,0
C98OH,188.2209,11.168739768757,5461.8358183896,0.05,0.00005,1400,0,0
C1211CO,226.2689,11.498152357798,5751.833635045,0.05,0.00005,1400,0,0
C513OOH,148.114,9.911002799984,4912.90341621875,0.05,0.00005,1400,0,0
MMALNBCO3H,209.111,10.986150569439,5532.96286723885,0.05,0.00005,1400,0,0
INCNO3,226.1415,12.305296431175,6073.12766791575,0.05,0.00005,1400,0,0
NC102O,244.2213,10.659633650228,5165.56488700047,0.05,0.00005,1400,0,0
H13M3C5OOH,150.173,10.38730420742,5301.47560592613,0.05,0.00005,1400,0,0
BOX2OHBOOH,150.173,9.873199074919,4835.92567288825,0.05,0.00005,1400,0,0
NC826OOH,235.1913,9.818786948675,4833.08258095316,0.05,0.00005,1400,0,0
OETOLO,201.1965,9.780582887855,4793.54344912867,0.05,0.00005,1400,0,0
NIPBFUOOH,221.1647,12.612032490024,6100.36334626149,0.05,0.00005,1400,0,0
HO13C5OOH,136.1464,10.739981252402,5516.73670808281,0.05,0.00005,1400,0,0
C614OH,146.1412,10.732981587809,5125.51174381666,0.05,0.00005,1400,0,0
EBZBPEROOH,188.1779,11.427451982657,5791.96326345674,0.05,0.00005,1400,0,0
HIEPOXB,134.1305,11.719449081001,5962.05241326698,0.05,0.00005,1400,0,0
PNNCATCOOH,324.1984,15.534333326151,8501.46506449238,0.05,0.00005,1400,0,0
C86OOH,174.1944,9.818786948675,4833.08258095316,0.05,0.00005,1400,0,0
CONM2CO2H,163.0856,10.071669252267,4810.84209726397,0.05,0.00005,1400,0,0
C1215OH,244.2842,13.161718422012,6855.07247636532,0.05,0.00005,1400,0,0
C57OOH,150.1299,10.661025633296,5583.69382377235,0.05,0.00005,1400,0,0
MXNCATECO,248.1669,11.47050635249,5935.1884642088,0.05,0.00005,1400,0,0
BCKANO3,285.3361,10.493267432441,4980.21091763717,0.05,0.00005,1400,0,0
C1H4C5CO3H,162.1406,10.128782008842,5037.78504170305,0.05,0.00005,1400,0,0
C81OOH,176.2102,10.065208744031,5157.33709203558,0.05,0.00005,1400,0,0
C922O2,219.2118,11.607409237483,5710.12816823067,0.05,0.00005,1400,0,0
C1215O2,259.2757,11.557208376247,5651.04312577209,0.05,0.00005,1400,0,0
C106OOH,216.231,11.275887169419,5804.83942412995,0.05,0.00005,1400,0,0
C54NO3,165.1445,10.286889678589,4899.23488618455,0.05,0.00005,1400,0,0
TLEMUCCO2H,156.136,10.205393619102,5055.43763112319,0.05,0.00005,1400,0,0
INDHPCO3,226.1183,11.406452824495,5628.90935628545,0.05,0.00005,1400,0,0
C128NO3,273.2824,10.641199387252,5297.752109314,0.05,0.00005,1400,0,0
INDHPPAN,272.1238,13.253344584215,6963.86578842657,0.05,0.00005,1400,0,0
NDNEBNZLO2,338.162,10.232024691982,4889.66157877155,0.05,0.00005,1400,0,0
C719O,159.1598,10.704434226473,5227.69755629911,0.05,0.00005,1400,0,0
PPRBQCO,184.1892,10.358119218437,5137.20958194976,0.05,0.00005,1400,0,0
C123O,215.3092,9.774422659028,4772.45816634006,0.05,0.00005,1400,0,0
METLBPR2OH,186.2051,10.414313326745,5167.16829618206,0.05,0.00005,1400,0,0
HC4CCO2H,116.1152,9.619083088727,4757.98571029935,0.05,0.00005,1400,0,0
C114OH,200.2747,9.748665321413,4915.90924576953,0.05,0.00005,1400,0,0
C7OHCO2PAN,247.159,9.53526792484,4923.31977363079,0.05,0.00005,1400,0,0
NTMB1FUOOH,207.1382,12.256482724466,5849.45112529488,0.05,0.00005,1400,0,0
OETLMUCO3H,200.1886,9.943478443241,4874.20199974129,0.05,0.00005,1400,0,0
LIMONIC,186.2051,12.223650499558,6552.44661932011,0.05,0.00005,1400,0,0
DNPETOLO,291.1916,9.780582887855,4793.54344912867,0.05,0.00005,1400,0,0
C44OOH,134.0874,10.715692147435,5482.52181004697,0.05,0.00005,1400,0,0
METOLO,201.1965,9.669739096709,4700.99496580166,0.05,0.00005,1400,0,0
CO1H63NO3,177.1552,10.835075140888,5120.5147677909,0.05,0.00005,1400,0,0
C825O2,189.1858,11.012949515995,5589.03140196152,0.05,0.00005,1400,0,0
C134O2,287.2858,12.124222365729,6203.77017069524,0.05,0.00005,1400,0,0
MVKOHANO3,165.1015,10.002406034749,4938.74733686445,0.05,0.00005,1400,0,0
C825OH,174.1944,12.450912674672,6721.90614663841,0.05,0.00005,1400,0,0
C134OH,272.2943,13.616468996897,7336.64491951655,0.05,0.00005,1400,0,0
C624CO2H,144.1684,10.768243538396,5430.66766341174,0.05,0.00005,1400,0,0
C7PAN3,233.1324,9.366150901382,4643.46708563563,0.05,0.00005,1400,0,0
OTNNCATCO,307.191,12.936556617562,6625.67952286196,0.05,0.00005,1400,0,0
MXYOLOH,188.1779,10.647891769209,5432.49072170558,0.05,0.00005,1400,0,0
OXYFUOOH,162.1406,10.402697922136,5128.79592026899,0.05,0.00005,1400,0,0
OXNCATECO2,264.1663,11.581350126779,6027.73694271071,0.05,0.00005,1400,0,0
INANCHO,224.1256,11.0632426689,5334.6162283795,0.05,0.00005,1400,0,0
PBZMUCOOH,218.2039,11.19609450573,5949.27674387057,0.05,0.00005,1400,0,0
HOC3H6CO2H,104.1045,9.81243798853,4770.47947114772,0.05,0.00005,1400,0,0
C5CO2OHPAN,219.1058,8.82416838973,4421.49533055387,0.05,0.00005,1400,0,0
C613OOH,164.1565,10.419192372672,5460.98120300423,0.05,0.00005,1400,0,0
C530OOH,134.1305,10.103827272545,4949.77643059843,0.05,0.00005,1400,0,0
LMLKBOH,186.2051,10.487510035264,5332.23024225083,0.05,0.00005,1400,0,0
NC524O2,212.1348,13.15958520052,6804.18411506753,0.05,0.00005,1400,0,0
C537OOH,182.0426,11.660415206395,6413.27751192566,0.05,0.00005,1400,0,0
PINIC,186.2051,11.558587765404,5997.1557229848,0.05,0.00005,1400,0,0
MTNCATECO,262.1935,11.826056117225,6186.10068493965,0.05,0.00005,1400,0,0
C64OOH,148.1571,10.459377043587,5200.68865313491,0.05,0.00005,1400,0,0
NBCALOOH,331.3615,11.642572649024,6034.17725302838,0.05,0.00005,1400,0,0
C721CO3H,188.1779,10.501704798814,5248.28038967571,0.05,0.00005,1400,0,0
NBPINAOOH,231.2457,11.01175184396,5229.9350359538,0.05,0.00005,1400,0,0
C517OH,118.1311,10.253144638489,4945.9577760932,0.05,0.00005,1400,0,0
C1312OH,242.3114,12.601259218517,6752.69368658464,0.05,0.00005,1400,0,0
C6TONOHOOH,176.1241,11.045349126491,5611.82503202262,0.05,0.00005,1400,0,0
C126CO3H,240.2955,10.306938334233,5034.85034880833,0.05,0.00005,1400,0,0
C1312O2,257.3028,10.996749158294,5548.66433185047,0.05,0.00005,1400,0,0
BPINCOOH,186.2481,10.504626801217,5375.01709049602,0.05,0.00005,1400,0,0
C63OH,132.1577,9.861280878046,4773.48441573795,0.05,0.00005,1400,0,0
C129CO,224.253,9.546687286675,4635.86980311477,0.05,0.00005,1400,0,0
C146OH,254.3221,10.884420472603,5657.87561258521,0.05,0.00005,1400,0,0
C146O2,269.3135,8.926710887872,4525.00086973387,0.05,0.00005,1400,0,0
BCBOCOO,270.3215,9.828861831187,5029.84093028276,0.05,0.00005,1400,0,0
OXYQOOH,186.162,11.563360693823,6299.49612153056,0.05,0.00005,1400,0,0
CRESOOH,190.1507,11.69008941907,6167.50454681772,0.05,0.00005,1400,0,0
OETLQOOH,200.1886,11.918910464214,6550.40834388144,0.05,0.00005,1400,0,0
INB1O,180.136,11.2203995232,5390.23300147106,0.05,0.00005,1400,0,0
C132OOH,258.3108,13.006839850365,6997.9108369116,0.05,0.00005,1400,0,0
C6CO3OHOOH,148.1571,9.354109205193,4655.51264789171,0.05,0.00005,1400,0,0
HIEB1O2,165.1214,10.45804429999,5345.01746968992,0.05,0.00005,1400,0,0
PPRBQOOH,202.2045,11.09504426868,6102.5554702815,0.05,0.00005,1400,0,0
C137CO3H,270.3215,12.635003457606,6753.7537342108,0.05,0.00005,1400,0,0
C79OOH,176.1672,9.735798765787,4860.42320200444,0.05,0.00005,1400,0,0
NDNT123LO,336.1892,10.476730676615,5048.02531933515,0.05,0.00005,1400,0,0
IPBFUOOH,176.1672,11.391978155392,5753.33299653364,0.05,0.00005,1400,0,0
C518CO2H,130.1418,10.412693753826,5179.75543700235,0.05,0.00005,1400,0,0
NOETLQO,228.1788,9.794193104876,5021.65315127826,0.05,0.00005,1400,0,0
C111OOH,202.2906,10.282491022066,5133.84714417027,0.05,0.00005,1400,0,0
C23O3ECO2H,174.1513,10.679462795377,5154.2165424404,0.05,0.00005,1400,0,0
C104OOH,202.2475,10.145889908721,5184.74974468541,0.05,0.00005,1400,0,0
NC728OOH,223.1806,10.816346461571,5430.20700084341,0.05,0.00005,1400,0,0
C235C6CO3H,188.1348,10.4976202669,4999.1761164399,0.05,0.00005,1400,0,0
C719O2,175.1592,10.704434226473,5227.69755629911,0.05,0.00005,1400,0,0
C1211O2,243.2763,10.702715709917,5281.9012392396,0.05,0.00005,1400,0,0
C1211OH,228.2848,12.821237763141,6767.00696049839,0.05,0.00005,1400,0,0
C719OH,160.1678,11.84516080445,6138.9509307317,0.05,0.00005,1400,0,0
C105OOH,216.231,10.342468802372,5034.38613610935,0.05,0.00005,1400,0,0
C93OH,174.2374,10.294199762801,5152.59623930451,0.05,0.00005,1400,0,0
NOETOLO,246.1941,10.698418258626,5233.12228591369,0.05,0.00005,1400,0,0
C1215CO,242.2683,12.422296031908,6380.66068647453,0.05,0.00005,1400,0,0
C517CO3H,162.1406,10.651668656389,5318.86140537012,0.05,0.00005,1400,0,0
INB1HPPAN,272.1238,13.253344584215,6963.86578842657,0.05,0.00005,1400,0,0
BCKBOOH,256.338,12.492585644797,6482.37161623487,0.05,0.00005,1400,0,0
PBZBPEROOH,202.2045,11.783001745904,6042.87548376207,0.05,0.00005,1400,0,0
NTM135LOOH,263.2014,13.291967700778,6923.81086613615,0.05,0.00005,1400,0,0
ENCATECO,248.1669,11.581350126779,6027.73694271071,0.05,0.00005,1400,0,0
PBZMUCCO3H,200.1886,10.165166023415,5059.29896579823,0.05,0.00005,1400,0,0
C7MO3OHOOH,204.1773,10.899611001832,5576.32153860676,0.05,0.00005,1400,0,0
TM135MUOOH,218.2039,10.974406928054,5764.17977853295,0.05,0.00005,1400,0,0
C8OHO2CO3H,216.188,10.422005639741,5446.37268359492,0.05,0.00005,1400,0,0
PPRBQO2,201.1965,8.881723120646,4449.92800241798,0.05,0.00005,1400,0,0
C5PAN10,195.1275,9.890847795417,4917.98931555386,0.05,0.00005,1400,0,0
C5PAN13,195.1275,10.413734439932,5199.06567835295,0.05,0.00005,1400,0,0
C5PAN12,195.1275,9.780004012621,4825.44083461682,0.05,0.00005,1400,0,0
PPRBQOH,186.2051,10.908990968079,5863.87911566702,0.05,0.00005,1400,0,0
C826CO3OOH,172.1785,9.301823274249,4681.66160050581,0.05,0.00005,1400,0,0
PMALNHYOOH,190.1507,10.024398672895,4908.61699058677,0.05,0.00005,1400,0,0
HPC52OOH,166.1293,10.864006982656,5822.37018245768,0.05,0.00005,1400,0,0
KLIMONONIC,186.2051,11.125761949209,5721.52453794019,0.05,0.00005,1400,0,0
HPC52PAN,243.1257,10.725231178652,5591.70997317053,0.05,0.00005,1400,0,0
C142NO3,285.3361,10.549789376379,5071.22268989865,0.05,0.00005,1400,0,0
IPBZMUCOOH,218.2039,11.085250704149,5856.72825755303,0.05,0.00005,1400,0,0
C58NO3CO3H,211.1269,12.734236678726,6645.09914898717,0.05,0.00005,1400,0,0
NC524OH,197.1433,13.805222544448,7421.12478524441,0.05,0.00005,1400,0,0
C5COOHCO3H,174.1082,9.355356330178,4693.6360170053,0.05,0.00005,1400,0,0
DEMPHOLO2,245.2491,10.380838653071,5202.81941495944,0.05,0.00005,1400,0,0
C722OOH,176.1672,11.560653903437,6050.16151820312,0.05,0.00005,1400,0,0
INB1NAPAN,301.122,13.393800912055,6719.98881864849,0.05,0.00005,1400,0,0
DEMPHOLOH,230.2576,11.714541091764,6185.22739201382,0.05,0.00005,1400,0,0
HIEB2O,149.122,9.753773634423,4900.23801556068,0.05,0.00005,1400,0,0
C1012OOH,202.2475,10.086511352802,4964.71310033166,0.05,0.00005,1400,0,0
NBZQOOH,203.1064,11.885275495673,6144.70202884899,0.05,0.00005,1400,0,0
C729CO2H,156.1791,9.945579338565,4833.54323931782,0.05,0.00005,1400,0,0
BCALO,269.3566,11.494730184928,5795.50089474183,0.05,0.00005,1400,0,0
C8M2CO6OOH,186.2051,9.657373033395,4932.57381963645,0.05,0.00005,1400,0,0
C148CO,268.131,10.473144224786,5214.7315721026,0.05,0.00005,1400,0,0
C623OH,148.1571,11.124630944757,5699.86832311804,0.05,0.00005,1400,0,0
IPRBQCO,182.1733,10.443905422589,5082.67152900158,0.05,0.00005,1400,0,0
HNMVKOOH,181.1009,10.823609449187,5529.65467172084,0.05,0.00005,1400,0,0
BCALNO3,315.3621,11.494730184928,5795.50089474183,0.05,0.00005,1400,0,0
C41OOH,136.1033,10.416319665104,5425.3300879174,0.05,0.00005,1400,0,0
C623O2,163.1485,10.274743400511,4940.61842672195,0.05,0.00005,1400,0,0
C133NO3,303.3083,11.912758144213,5901.95534742733,0.05,0.00005,1400,0,0
MNCATECO2,250.1397,11.225800369947,5776.82472424394,0.05,0.00005,1400,0,0
INDHPCO3H,227.1263,13.530644914373,7236.00648186579,0.05,0.00005,1400,0,0
C1215NO3,289.2818,11.557208376247,5651.04312577209,0.05,0.00005,1400,0,0
INAHPAN,256.1244,11.16326068385,5647.1026453986,0.05,0.00005,1400,0,0
C825O,173.1864,11.012949515995,5589.03140196152,0.05,0.00005,1400,0,0
INDO,180.136,11.2203995232,5390.23300147106,0.05,0.00005,1400,0,0
TM123MUOOH,218.2039,11.085250704149,5856.72825755303,0.05,0.00005,1400,0,0
DMEPHOLO2,231.2225,10.025288877062,4951.9071910018,0.05,0.00005,1400,0,0
LMLKBCO,184.1892,9.222826156481,4605.56071100015,0.05,0.00005,1400,0,0
BCCOH,238.3657,10.992905016656,5503.770721558,0.05,0.00005,1400,0,0
DMEPHOLOH,216.231,11.358991320806,5934.31516950266,0.05,0.00005,1400,0,0
NBZFUOOH,179.085,11.767070742627,5532.72364056926,0.05,0.00005,1400,0,0
C141OOH,240.3386,10.68407760199,5331.29291571528,0.05,0.00005,1400,0,0
C141OOA,270.3215,12.238448085536,6420.79475866032,0.05,0.00005,1400,0,0
C109OOH,200.2316,9.480827164837,4629.4588455648,0.05,0.00005,1400,0,0
C7OHO2CO3H,202.1614,10.066455875546,5195.46046301947,0.05,0.00005,1400,0,0
BCALAOH,252.3493,10.39495788959,5271.71875891571,0.05,0.00005,1400,0,0
C537O2,181.0348,9.484392152312,4760.65005159131,0.05,0.00005,1400,0,0
NC4PDCO2H,187.1501,9.513439853591,4673.91580394739,0.05,0.00005,1400,0,0
C146OOH,270.3215,11.637194815691,6177.62832966847,0.05,0.00005,1400,0,0
PTNCATCOOH,279.2008,14.45980485207,8154.43472509264,0.05,0.00005,1400,0,0
C46CO2H,116.1152,10.167987770309,5021.39169675845,0.05,0.00005,1400,0,0
C728O,161.1757,10.630293173999,5191.53064995886,0.05,0.00005,1400,0,0
C139OOH,258.3108,14.621314807101,8164.08718146938,0.05,0.00005,1400,0,0
C732CO,158.1519,10.385466221819,5052.56341442455,0.05,0.00005,1400,0,0
PXYMUCPAN,231.1596,8.768371687409,4443.69757648762,0.05,0.00005,1400,0,0
TM124BPOOH,202.2045,11.561314191856,5857.77852518907,0.05,0.00005,1400,0,0
C142O2,255.33,10.549789376379,5071.22268989865,0.05,0.00005,1400,0,0
BCLKCOH,254.3221,10.884420472603,5657.87561258521,0.05,0.00005,1400,0,0
TM124QO,183.1812,9.162883450234,4582.07431331743,0.05,0.00005,1400,0,0
BCLKCO2,269.3135,8.926710887872,4525.00086973387,0.05,0.00005,1400,0,0
C131CO3H,270.3215,11.487120957712,5922.83165110593,0.05,0.00005,1400,0,0
C143NO3,301.3355,11.35229893519,5799.57655606324,0.05,0.00005,1400,0,0
C916OOH,202.2045,10.920337410432,5553.92720504501,0.05,0.00005,1400,0,0
C82NO3,205.2084,10.706000995336,5177.5597584129,0.05,0.00005,1400,0,0
C152NO3,331.3615,11.735996665756,5872.53822623754,0.05,0.00005,1400,0,0
TM124QOH,184.1892,10.353132830145,5493.327681619,0.05,0.00005,1400,0,0
TM124QO2,199.1806,9.162883450234,4582.07431331743,0.05,0.00005,1400,0,0
C625O,147.1491,9.690942540592,4697.9126536393,0.05,0.00005,1400,0,0
EBZMUCOH,188.1779,10.01934132873,5107.45718890355,0.05,0.00005,1400,0,0
C7MOHCOPAN,261.1855,9.890817704768,5174.23199871084,0.05,0.00005,1400,0,0
TM135MUNO3,247.202,11.020683404606,5520.30279822196,0.05,0.00005,1400,0,0
NMBOAOOH,181.1439,10.249835753411,4974.20814996049,0.05,0.00005,1400,0,0
NOETOLOOH,263.2014,13.513655287566,7108.9078340824,0.05,0.00005,1400,0,0
NPTLQOOH,217.133,12.240825254479,6395.61424788292,0.05,0.00005,1400,0,0
PINALOOH,200.2316,10.422915318986,5095.32269687246,0.05,0.00005,1400,0,0
NC1313OH,287.3089,9.46292304574,4638.97523500821,0.05,0.00005,1400,0,0
HO7C8CO3H,190.2368,10.25512323073,5153.45263213789,0.05,0.00005,1400,0,0
C7DDCCO2H,142.1525,9.513439853591,4673.91580394739,0.05,0.00005,1400,0,0
NDNMETLOOH,353.1965,13.402811500034,7016.35935178619,0.05,0.00005,1400,0,0
INANCOPAN,299.1061,10.513480315676,5281.57842269766,0.05,0.00005,1400,0,0
INB1NO3,226.1415,13.574176973173,6798.98349213976,0.05,0.00005,1400,0,0
C131OH,226.312,11.12971622795,5549.92802444856,0.05,0.00005,1400,0,0
DNC524CO,240.125,13.819840418945,7100.79831450294,0.05,0.00005,1400,0,0
NDNMETOLO2,352.1886,10.587574467389,5140.57380255694,0.05,0.00005,1400,0,0
BCSOZOH,286.3639,12.510674730833,6332.62963018503,0.05,0.00005,1400,0,0
C124OOH,230.3007,10.856989440921,5686.57418692893,0.05,0.00005,1400,0,0
BZFUOOH,134.0874,10.547016400237,5185.69328861962,0.05,0.00005,1400,0,0
C925O2,219.2118,12.213093420274,6045.38242151701,0.05,0.00005,1400,0,0
C129OOH,242.2683,10.926095275945,5675.80388526289,0.05,0.00005,1400,0,0
BCKAOOH,256.338,13.126316090106,6855.99646512619,0.05,0.00005,1400,0,0
C730NO3,207.1812,10.630293173999,5191.53064995886,0.05,0.00005,1400,0,0
BCSOZO2,301.3554,11.247558986389,5350.2216552996,0.05,0.00005,1400,0,0
MXNCATECO2,264.1663,11.47050635249,5935.1884642088,0.05,0.00005,1400,0,0
DMPHCOMOOH,180.2005,9.453984189144,4732.77763385217,0.05,0.00005,1400,0,0
C116OOH,214.2582,10.442061117805,5215.62532113908,0.05,0.00005,1400,0,0
IPBENZOLO,201.1965,9.669739096709,4700.99496580166,0.05,0.00005,1400,0,0
C98NO3,233.2185,12.551737585448,6040.181797955,0.05,0.00005,1400,0,0
C115OOH,230.2576,10.698018582527,5285.29836125561,0.05,0.00005,1400,0,0
C133O2,273.3022,11.912758144213,5901.95534742733,0.05,0.00005,1400,0,0
C7DCCO2H,142.1525,9.513439853591,4673.91580394739,0.05,0.00005,1400,0,0
MXYMUCPAN,231.1596,8.768371687409,4443.69757648762,0.05,0.00005,1400,0,0
NOXYFUOOH,207.1382,12.256482724466,5849.45112529488,0.05,0.00005,1400,0,0
NDMEPHOLO,260.2207,10.832280447689,5298.93754188054,0.05,0.00005,1400,0,0
NCATECO,220.1137,10.981094370211,5618.46097935643,0.05,0.00005,1400,0,0
C118O,229.2497,11.201658606311,5400.13090355329,0.05,0.00005,1400,0,0
C123NO3,261.3147,12.12820009755,6181.2086537252,0.05,0.00005,1400,0,0
PETOLO2,217.1959,9.780582887855,4793.54344912867,0.05,0.00005,1400,0,0
PHCOCOCOOH,180.1574,10.059095581315,4833.8927382773,0.05,0.00005,1400,0,0
MXYMUCCO3H,186.162,9.698772467225,4715.83826164511,0.05,0.00005,1400,0,0
NTM123LOOH,263.2014,13.402811500034,7016.35935178619,0.05,0.00005,1400,0,0
C108NO3,245.2292,10.956221916628,5443.05737614676,0.05,0.00005,1400,0,0
NDNOXYOLO,322.1626,10.232024691982,4889.66157877155,0.05,0.00005,1400,0,0
HO3C106OOH,190.2799,10.530644841387,5357.34671504556,0.05,0.00005,1400,0,0
DNIPBZLOOH,308.199,12.290345185937,6576.78051312065,0.05,0.00005,1400,0,0
NTM124OLO,246.1941,10.587574467389,5140.57380255694,0.05,0.00005,1400,0,0
C1214OOH,244.2842,12.651290078797,6746.99861422329,0.05,0.00005,1400,0,0
NDNOETOLO,336.1892,10.587574467389,5140.57380255694,0.05,0.00005,1400,0,0
HO3C116NO3,233.3046,10.956740236306,5364.38196162644,0.05,0.00005,1400,0,0
C118OOH,246.257,13.402845166406,7052.75836515139,0.05,0.00005,1400,0,0
C141OH,224.3392,10.66063316614,5163.77117283187,0.05,0.00005,1400,0,0
DMEBMUO2H,198.2158,11.161199150817,5715.62581819108,0.05,0.00005,1400,0,0
C5MEJCO3H,216.188,10.422005639741,5446.37268359492,0.05,0.00005,1400,0,0
C148OH,270.1467,11.109454406584,5734.91294201929,0.05,0.00005,1400,0,0
C148O2,285.3129,9.151744795941,4602.03819175049,0.05,0.00005,1400,0,0
C1211CO3H,272.2943,13.219761764603,7139.91058506862,0.05,0.00005,1400,0,0
C5M2OHOPAN,247.159,9.53526792484,4923.31977363079,0.05,0.00005,1400,0,0
C118NO3,275.2552,11.201658606311,5400.13090355329,0.05,0.00005,1400,0,0
OXYMUCCO2H,170.1626,10.339255815907,5121.25288930723,0.05,0.00005,1400,0,0
C536O,165.0399,9.484392152312,4760.65005159131,0.05,0.00005,1400,0,0
C58OOH,150.1299,10.661025633296,5583.69382377235,0.05,0.00005,1400,0,0
DNPBNZLO2,307.191,9.780582887855,4793.54344912867,0.05,0.00005,1400,0,0
TM123BPNO3,231.2026,11.001380471851,5240.27669653547,0.05,0.00005,1400,0,0
TM135OLO,201.1965,9.669739096709,4700.99496580166,0.05,0.00005,1400,0,0
C926OOH,202.2045,10.524508700266,5478.35811493287,0.05,0.00005,1400,0,0
DMEBMUNO3,261.2286,11.376233181892,5771.21502254689,0.05,0.00005,1400,0,0
NMXYQO,214.1522,9.327799535132,4678.19244324868,0.05,0.00005,1400,0,0
DMEPHOLO,215.2231,10.025288877062,4951.9071910018,0.05,0.00005,1400,0,0
C7CO2M5OOH,172.1785,9.190979480822,4589.11311652303,0.05,0.00005,1400,0,0
C9DCNO3,213.1873,10.577236687923,4972.26146758414,0.05,0.00005,1400,0,0
C1212NO3,305.2812,12.015749335019,6339.20422478971,0.05,0.00005,1400,0,0
C922OOH,220.2197,13.744200423194,7362.75563229596,0.05,0.00005,1400,0,0
C622CO2H,144.1684,10.768243538396,5430.66766341174,0.05,0.00005,1400,0,0
C1212OH,244.2842,13.224524802149,7321.6122027228,0.05,0.00005,1400,0,0
C6EO2HCO3H,216.188,10.422005639741,5446.37268359492,0.05,0.00005,1400,0,0
NDNPBNZLO2,352.1886,10.587574467389,5140.57380255694,0.05,0.00005,1400,0,0
C1212O2,259.2757,12.015749335019,6339.20422478971,0.05,0.00005,1400,0,0
NMEBFUOOH,221.1647,12.612032490024,6100.36334626149,0.05,0.00005,1400,0,0
C8O2OHCO3H,216.188,10.311161855747,5353.82420231347,0.05,0.00005,1400,0,0
C1311OH,226.312,11.008579583338,5610.46707663393,0.05,0.00005,1400,0,0
INANCOCO3H,254.1085,11.33502469216,5637.28744586121,0.05,0.00005,1400,0,0
BCALACO,250.3334,9.936818200532,4918.67407722736,0.05,0.00005,1400,0,0
C623OOH,164.1565,12.411534588016,6593.24589130108,0.05,0.00005,1400,0,0
C519CO3H,162.1406,10.651668656389,5318.86140537012,0.05,0.00005,1400,0,0
LMKAOH,172.2215,10.33455558394,5132.73907777132,0.05,0.00005,1400,0,0
DETLBPR2OH,214.2582,11.125412871781,5668.99274209862,0.05,0.00005,1400,0,0
CO36C12,198.3019,8.863033472036,4461.74945931148,0.05,0.00005,1400,0,0
HO8C9OOH,176.2533,10.173675412885,5127.82836432476,0.05,0.00005,1400,0,0
BPINCNO3,215.2463,10.557074563136,5131.14011741404,0.05,0.00005,1400,0,0
DETLMUCO2,245.2491,9.378005530333,4613.37676225286,0.05,0.00005,1400,0,0
NPXYOLOH,233.1754,11.704591313617,5872.06955580185,0.05,0.00005,1400,0,0
HIEB1OOH,166.1293,12.589579724246,6997.64493891821,0.05,0.00005,1400,0,0
TM135OLO2,217.1959,9.669739096709,4700.99496580166,0.05,0.00005,1400,0,0
TM135OLOH,202.2045,11.003441556204,5683.40294880985,0.05,0.00005,1400,0,0
C929OOH,204.2203,11.303019516843,5863.65234140113,0.05,0.00005,1400,0,0
NPXYOLO2,248.1669,10.232024691982,4889.66157877155,0.05,0.00005,1400,0,0
OXYMUCNO3,233.1754,10.66513364311,5269.39057841907,0.05,0.00005,1400,0,0
OXNNCATCO,293.1645,12.581006840541,6374.76729861269,0.05,0.00005,1400,0,0
NDNPXYLOOH,339.17,13.047261727357,6765.4471287828,0.05,0.00005,1400,0,0
C7CO2OHPAN,247.159,9.53526792484,4923.31977363079,0.05,0.00005,1400,0,0
PTNNCATOOH,324.1984,15.534333326151,8501.46506449238,0.05,0.00005,1400,0,0
TL4ONO2OOH,235.1483,11.69008941907,6167.50454681772,0.05,0.00005,1400,0,0
BZBIPEROOH,160.1247,10.827196214497,5382.68729678226,0.05,0.00005,1400,0,0
C621O,161.1327,10.650184049735,5071.33385338838,0.05,0.00005,1400,0,0
METLQOOH,200.1886,11.808066682481,6457.85986324694,0.05,0.00005,1400,0,0
C510OOH,195.1275,11.016966185341,5578.49320668294,0.05,0.00005,1400,0,0
C728OOH,178.1831,12.767084360256,6844.15811418079,0.05,0.00005,1400,0,0
IPNNCATCO,307.191,12.825712834677,6533.13104189694,0.05,0.00005,1400,0,0
INB1HPCO2H,211.1269,14.209829980474,7733.96959536814,0.05,0.00005,1400,0,0
IPRBQOOH,200.1886,11.808066682481,6457.85986324694,0.05,0.00005,1400,0,0
T124NNCTO2,323.1904,12.825712834677,6533.13104189694,0.05,0.00005,1400,0,0
MNCATECOOH,251.1477,13.748705269024,7652.61026830904,0.05,0.00005,1400,0,0
DEMPHOLO,229.2497,10.380838653071,5202.81941495944,0.05,0.00005,1400,0,0
C57NO3CO3,210.1189,10.585249434646,5038.00202846685,0.05,0.00005,1400,0,0
C116CO3H,242.2683,10.776021406938,5421.00720354367,0.05,0.00005,1400,0,0
TM135MUOH,202.2045,9.519473090731,4799.64760120378,0.05,0.00005,1400,0,0
TM124NOOH,249.1748,12.045639192651,6418.41677007986,0.05,0.00005,1400,0,0
CRESOH,174.1513,10.403185806936,5274.12698754453,0.05,0.00005,1400,0,0
C7M2CO5OOH,172.1785,9.301823274249,4681.66160050581,0.05,0.00005,1400,0,0
C117OOH,230.2576,12.295740296582,6496.08638848823,0.05,0.00005,1400,0,0
C136CO2H,238.3227,11.413815242338,5783.72568154491,0.05,0.00005,1400,0,0
C54OH,120.147,9.939616867668,4904.43550503248,0.05,0.00005,1400,0,0
C516O,147.1061,11.022145324841,5333.11864964664,0.05,0.00005,1400,0,0
DNMETOLO,291.1916,9.780582887855,4793.54344912867,0.05,0.00005,1400,0,0
NMETLQOOH,245.1861,12.841081024939,6804.89021521529,0.05,0.00005,1400,0,0
PETLQONE,150.1745,8.160289681279,4242.8226616567,0.05,0.00005,1400,0,0
C58AOOH,150.1299,10.063642598516,5210.06897957595,0.05,0.00005,1400,0,0
NC71OOH,219.1489,12.972403628738,6473.71073278291,0.05,0.00005,1400,0,0
C23O3MCO2H,160.1247,10.323913022945,4903.30431950619,0.05,0.00005,1400,0,0
C7MJPPAN,261.1855,9.890817704768,5174.23199871084,0.05,0.00005,1400,0,0
MXNNCATCO,293.1645,12.470163046345,6282.2188144122,0.05,0.00005,1400,0,0
INDHCHO,179.1281,10.197182434689,4966.19200182003,0.05,0.00005,1400,0,0
C68OOH,148.1571,9.825646604184,4827.06380593458,0.05,0.00005,1400,0,0
PXYQOH,170.1626,9.997583064587,5242.41546065296,0.05,0.00005,1400,0,0
NOXYQO,214.1522,9.438643343261,4770.74093144432,0.05,0.00005,1400,0,0
PETLMUCOH,202.2045,10.264047312386,5265.82092918718,0.05,0.00005,1400,0,0
C731CO2H,172.1785,10.770212186097,5470.61231767419,0.05,0.00005,1400,0,0
C1211PAN,317.2919,11.058265473332,5532.81345959115,0.05,0.00005,1400,0,0
NC4OHCO3H,195.1275,10.219020107076,4928.67780180177,0.05,0.00005,1400,0,0
IPBZMUCNO3,247.202,11.131527200673,5612.85128296114,0.05,0.00005,1400,0,0
INDHPAN,256.1244,11.798410765242,5999.33361635228,0.05,0.00005,1400,0,0
NPEBQO2,230.1516,9.438643343261,4770.74093144432,0.05,0.00005,1400,0,0
HM2C43CO2H,132.1577,10.301849962496,5087.20695361954,0.05,0.00005,1400,0,0
C72OOH,162.1837,10.292040158873,5170.52450965372,0.05,0.00005,1400,0,0
NTLFUOOH,193.1116,12.01177672518,5691.08738053698,0.05,0.00005,1400,0,0
ENNCATCOOH,310.1718,15.178783568757,8250.55284584422,0.05,0.00005,1400,0,0
PXYBPEROOH,188.1779,11.316608186664,5699.4147787394,0.05,0.00005,1400,0,0
C104OH,186.2481,9.393115554888,4664.99702452642,0.05,0.00005,1400,0,0
C132O,241.3034,10.413188268482,5122.12529197694,0.05,0.00005,1400,0,0
NC730OOH,223.1806,10.816346461571,5430.20700084341,0.05,0.00005,1400,0,0
R_HOM_O6,231,8.4248,4628.91743751184,0.05,0.00005,1400,0,0
R_HOM_O7,247,7.4198,4608.48437958528,0.05,0.00005,1400,0,0
R_HOM_O8,263,8.4526,4967.3115638099,0.05,0.00005,1400,0,0
R_HOM_O9,279,7.4477,4946.87849498138,0.05,0.00005,1400,0,0
R_HOM_O10,295,8.4454,5690.51423373238,0.05,0.00005,1400,0,0
R_HOM_O11,311,7.4404,5670.08116698167,0.05,0.00005,1400,0,0
R_HOM_O12,327,8.4382,6413.71680929226,0.05,0.00005,1400,0,0
R_HOM_O13,343,7.4332,6393.28382446881,0.05,0.00005,1400,0,0
R_HOM_O14,359,9.9794,7317.85644758676,0.05,0.00005,1400,0,0
HOM_O4CBN,198,6.4221,3864.84874183991,0.05,0.00005,1400,0,0
HOM_O5CBN,214,7.4198,4608.48437958528,0.05,0.00005,1400,0,0
HOM_O6CBN,230,6.4148,4588.05132723077,0.05,0.00005,1400,0,0
HOM_O7CBN,246,7.4477,4946.87849498138,0.05,0.00005,1400,0,0
HOM_O8CBN,262,6.4427,4926.44546318745,0.05,0.00005,1400,0,0
HOM_O9CBN,278,7.4404,5670.08116698167,0.05,0.00005,1400,0,0
HOM_O10CBN,294,6.4355,5649.64814109798,0.05,0.00005,1400,0,0
HOM_O11CBN,310,7.4332,6393.28382446881,0.05,0.00005,1400,0,0
HOM_O12CBN,326,6.4283,6372.85070323367,0.05,0.00005,1400,0,0
HOM_O13CBN,342,8.9744,7297.42334830093,0.05,0.00005,1400,0,0
HOM_O3,184,9.1388,4766.52915078245,0.05,0.00005,1400,0,0
HOM_O4,200,8.9955,5375.56124042423,0.05,0.00005,1400,0,0
HOM_O5,216,8.2815,5237.94955851684,0.05,0.00005,1400,0,0
HOM_O6,232,7.2765,5217.51659253941,0.05,0.00005,1400,0,0
HOM_O7,248,9.1594,5828.12584148922,0.05,0.00005,1400,0,0
HOM_O8,264,8.1544,5807.69279868109,0.05,0.00005,1400,0,0
HOM_O9,280,9.1522,6551.32854364927,0.05,0.00005,1400,0,0
HOM_O10,296,8.1472,6530.89546198953,0.05,0.00005,1400,0,0
HOM_O11,312,9.145,7274.53110787501,0.05,0.00005,1400,0,0
HOM_O12,328,8.14,7254.09806861253,0.05,0.00005,1400,0,0
HOM_O13,344,10.6862,8178.67068517424,0.05,0.00005,1400,0,0
HOM_O14,360,9.9722,8041.05900873055,0.05,0.00005,1400,0,0
HOM_NO5,229,8.8867,4692.68325945167,0.05,0.00005,1400,0,0
HOM_NO6,245,7.8817,4672.25025179016,0.05,0.00005,1400,0,0
HOM_NO7,261,9.4229,5576.38983479335,0.05,0.00005,1400,0,0
HOM_NO8,277,7.8745,5395.45284149113,0.05,0.00005,1400,0,0
HOM_NO9,293,8.9073,5754.27999031571,0.05,0.00005,1400,0,0
HOM_NO10,309,7.9024,5733.84695024494,0.05,0.00005,1400,0,0
HOM_NO11,325,8.9001,6477.48265454996,0.05,0.00005,1400,0,0
HOM_NO12,341,7.8951,6457.0495631484,0.05,0.00005,1400,0,0
HOM_NO13,357,8.8929,7200.68521330416,0.05,0.00005,1400,0,0
HOM_NO14,373,7.8879,7180.25216745463,0.05,0.00005,1400,0,0
HOM_NO15,389,10.4341,8104.82487375717,0.05,0.00005,1400,0,0
HOM20_O5,350,11.5295,6866.82899050053,0.05,0.00005,1400,0,0
HOM20_O6,366,10.3262,6530.89408443242,0.05,0.00005,1400,0,0
HOM20_O7,382,9.5196,6825.96290188538,0.05,0.00005,1400,0,0
HOM20_O8,398,8.8056,6688.3512035148,0.05,0.00005,1400,0,0
HOM20_O9,414,11.0608,7730.10250250032,0.05,0.00005,1400,0,0
HOM20_O10,430,10.3468,7592.49079390031,0.05,0.00005,1400,0,0
HOM20_O11,446,11.0536,8453.30507626319,0.05,0.00005,1400,0,0
HOM20_O12,462,10.3396,8315.69342704282,0.05,0.00005,1400,0,0
HOM20_O13,478,11.0463,9176.50766663501,0.05,0.00005,1400,0,0
HOM20_O14,494,10.3323,9038.89606576582,0.05,0.00005,1400,0,0
HOM20_O15,510,11.5826,10060.214241247,0.05,0.00005,1400,0,0
HOM20_O16,526,11.8735,9943.03565162176,0.05,0.00005,1400,0,0
HOM20_O17,542,12.5803,10803.8499391801,0.05,0.00005,1400,0,0
HOM20_NO7,397,11.2774,6792.98308115151,0.05,0.00005,1400,0,0
HOM20_NO8,413,10.2724,6772.54998311689,0.05,0.00005,1400,0,0
HOM20_NO9,429,11.2702,7516.1857027343,0.05,0.00005,1400,0,0
HOM20_NO10,445,11.977,8376.99998551978,0.05,0.00005,1400,0,0
HOM20_NO11,461,11.298,7854.57984791156,0.05,0.00005,1400,0,0
HOM20_NO12,477,12.0048,8715.39410681055,0.05,0.00005,1400,0,0
HOM20_NO13,493,11.2908,8577.78242404593,0.05,0.00005,1400,0,0
HOM20_NO14,509,11.9976,9438.59676223677,0.05,0.00005,1400,0,0
HOM20_NO15,525,11.2836,9300.98507687973,0.05,0.00005,1400,0,0
HOM20_NO16,541,11.8271,9461.48897518507,0.05,0.00005,1400,0,0
HOM20_NO17,557,12.8248,10205.1246487749,0.05,0.00005,1400,0,0
HOM20_NO18,573,11.819845262832,10184.69161,0.05,0.00005,1400,0,0
HOM19_O5,336,11.111141834271,6615.139161,0.05,0.00005,1400,0,0
HOM19_O6,352,9.907791708903,6279.204282,0.05,0.00005,1400,0,0
HOM19_O7,368,9.101206675543,6574.273068,0.05,0.00005,1400,0,0
HOM19_O8,384,8.387210622699,6436.661388,0.05,0.00005,1400,0,0
HOM19_O9,400,10.642416977297,7478.412659,0.05,0.00005,1400,0,0
HOM19_O10,416,9.92842093873,7340.800985,0.05,0.00005,1400,0,0
HOM19_O11,432,10.635195160657,8201.615313,0.05,0.00005,1400,0,0
HOM19_O12,448,9.921199227026,8064.003668,0.05,0.00005,1400,0,0
HOM19_O13,464,10.627973390332,8924.81798300001,0.05,0.00005,1400,0,0
HOM19_O14,480,9.913977301525,8787.206291,0.05,0.00005,1400,0,0
HOM19_O15,496,11.1642158961,9808.524465,0.05,0.00005,1400,0,0
HOM19_O16,512,11.455187648744,9691.34589899999,0.05,0.00005,1400,0,0
HOM19_O17,528,12.161961789254,10552.1602,0.05,0.00005,1400,0,0
HOM19_O18,544,11.483038782566,10029.73997,0.05,0.00005,1400,0,0
HOM19_NO8,399,9.85408858947,6520.860315,0.05,0.00005,1400,0,0
HOM19_NO9,415,10.851834140623,7264.495953,0.05,0.00005,1400,0,0
HOM19_NO10,431,11.558608023365,8125.310192,0.05,0.00005,1400,0,0
HOM19_NO11,447,10.879685534204,7602.890106,0.05,0.00005,1400,0,0
HOM19_NO12,463,11.586459340429,8463.70431800001,0.05,0.00005,1400,0,0
HOM19_NO13,479,10.872463582217,8326.092721,0.05,0.00005,1400,0,0
HOM19_NO14,495,11.579237547128,9186.906973,0.05,0.00005,1400,0,0
HOM19_NO15,511,10.865241537561,9049.29531,0.05,0.00005,1400,0,0
HOM19_NO16,527,11.408706053004,9209.799197,0.05,0.00005,1400,0,0
HOM19_NO17,543,12.40645175606,9953.434876,0.05,0.00005,1400,0,0
HOM19_NO18,559,11.401484391823,9933.001888,0.05,0.00005,1400,0,0
HOM18_O4,306,9.986006700241,5502.635106,0.05,0.00005,1400,0,0
HOM18_O5,322,10.692781030147,6363.449464,0.05,0.00005,1400,0,0
HOM18_O6,338,9.489430555029,6027.514486,0.05,0.00005,1400,0,0
HOM18_O7,354,8.682845663631,6322.583322,0.05,0.00005,1400,0,0
HOM18_O8,370,7.968849585146,6184.971625,0.05,0.00005,1400,0,0
HOM18_O9,386,10.224056083051,7226.722938,0.05,0.00005,1400,0,0
HOM18_O10,402,9.510060074961,7089.111274,0.05,0.00005,1400,0,0
HOM18_O11,418,10.216834100021,7949.925547,0.05,0.00005,1400,0,0
HOM18_O12,434,9.502837949447,7812.313834,0.05,0.00005,1400,0,0
HOM18_O13,450,10.209612113375,8673.128156,0.05,0.00005,1400,0,0
HOM18_O14,466,9.495616059625,8535.516467,0.05,0.00005,1400,0,0
HOM18_O15,482,10.745854837618,9556.834699,0.05,0.00005,1400,0,0
HOM18_O16,498,11.036826654151,9439.65614300001,0.05,0.00005,1400,0,0
HOM18_O17,514,11.743600702498,10300.47043,0.05,0.00005,1400,0,0
HOM18_O18,530,11.064677757003,9778.05021,0.05,0.00005,1400,0,0
HOM18_NO9,401,10.433472955111,7012.806156,0.05,0.00005,1400,0,0
HOM18_NO10,417,11.140247340462,7873.620528,0.05,0.00005,1400,0,0
HOM18_NO11,433,10.46132427767,7351.20028,0.05,0.00005,1400,0,0
HOM18_NO12,449,11.168098416269,8212.014586,0.05,0.00005,1400,0,0
HOM18_NO13,465,10.454102443462,8074.402941,0.05,0.00005,1400,0,0
HOM18_NO14,481,11.160876584283,8935.21724,0.05,0.00005,1400,0,0
HOM18_NO15,497,10.446880432589,8797.60553,0.05,0.00005,1400,0,0
HOM18_NO16,513,10.990345051969,8958.109447,0.05,0.00005,1400,0,0
HOM18_NO17,529,11.988090787699,9701.74513600001,0.05,0.00005,1400,0,0
HOM18_NO18,545,10.98312327125,9681.312108,0.05,0.00005,1400,0,0
HOM18_NO19,561,11.980868781626,10424.94773,0.05,0.00005,1400,0,0
R_HOM_OH_O5,217,8.6817,4722.48411019538,0.05,0.00005,1400,0,0
R_HOM_OH_O6,233,9.6783,5637.29660903443,0.05,0.00005,1400,0,0
R_HOM_OH_O7,249,7.1786,4359.88441232231,0.05,0.00005,1400,0,0
R_HOM_OH_O8,265,7.8854,5220.69870837165,0.05,0.00005,1400,0,0
R_HOM_OH_O9,281,7.1714,5083.08707101697,0.05,0.00005,1400,0,0
R_HOM_OH_O10,297,7.8782,5943.90129929048,0.05,0.00005,1400,0,0
HOM_OH_O4CBN,200,7.6767,4702.05106263522,0.05,0.00005,1400,0,0
HOM_OH_O5CBN,216,8.6733,5616.86349524218,0.05,0.00005,1400,0,0
HOM_OH_O6CBN,232,6.1736,4339.45139615429,0.05,0.00005,1400,0,0
HOM_OH_O7CBN,248,6.8804,5200.26567171577,0.05,0.00005,1400,0,0
HOM_OH_O8CBN,264,6.1664,5062.6539941153,0.05,0.00005,1400,0,0
HOM_OH_O9CBN,280,6.8732,5923.46826715274,0.05,0.00005,1400,0,0
HOM_OH_O4,202,9.3884,5583.29843270773,0.05,0.00005,1400,0,0
HOM_OH_O5,218,10.385,6498.11092483032,0.05,0.00005,1400,0,0
HOM_OH_O6,234,7.8854,5220.69870837165,0.05,0.00005,1400,0,0
HOM_OH_O7,250,8.5922,6081.51302467388,0.05,0.00005,1400,0,0
HOM_OH_O8,266,7.8782,5943.90129929048,0.05,0.00005,1400,0,0
HOM_OH_O9,282,6.8743,5752.29148709244,0.05,0.00005,1400,0,0
HOM_OH_O10,298,7.5811,6613.10580940499,0.05,0.00005,1400,0,0
HOM_OH_NO6,247,9.4262,5563.45065982525,0.05,0.00005,1400,0,0
HOM_OH_NO7,263,10.133,6424.26497579252,0.05,0.00005,1400,0,0
HOM_OH_NO8,279,7.6333,5146.85291540264,0.05,0.00005,1400,0,0
HOM_OH_NO9,295,8.3401,6007.66709321047,0.05,0.00005,1400,0,0
HOM_OH_NO10,311,7.6261,5870.05549491442,0.05,0.00005,1400,0,0
HOM_OH_NO11,327,8.3328,6730.86973157242,0.05,0.00005,1400,0,0
HOM20_OH_O6,370,10.0674,6802.35092046214,0.05,0.00005,1400,0,0
HOM20_OH_O7,386,9.3523,6835.91598398129,0.05,0.00005,1400,0,0
HOM20_OH_O8,402,8.5644,6439.75125566489,0.05,0.00005,1400,0,0
HOM20_OH_O9,418,9.2711,7300.56549532195,0.05,0.00005,1400,0,0
HOM20_OH_O10,434,8.5571,7162.95377859142,0.05,0.00005,1400,0,0
HOM20_OH_O11,450,9.2639,8023.76813303918,0.05,0.00005,1400,0,0
HOM20_OH_O12,466,9.9707,8884.58239118832,0.05,0.00005,1400,0,0
HOM20_OH_O13,482,9.2567,8746.970740127,0.05,0.00005,1400,0,0
HOM20_OH_NO8,417,10.1052,6782.50316020264,0.05,0.00005,1400,0,0
HOM20_OH_NO9,433,10.8119,7643.31748156064,0.05,0.00005,1400,0,0
HOM20_OH_NO10,449,9.0191,7226.71961899012,0.05,0.00005,1400,0,0
HOM20_OH_NO11,465,9.0191,7226.71961899012,0.05,0.00005,1400,0,0
HOM20_OH_NO12,481,9.7258,8087.53394270038,0.05,0.00005,1400,0,0
HOM20_OH_NO13,497,9.0118,7949.9222457572,0.05,0.00005,1400,0,0
HOM20_OH_NO14,513,9.718605110928,8810.736526,0.05,0.00005,1400,0,0
HOM19_OH_O6,356,9.649060031138,6550.661133,0.05,0.00005,1400,0,0
HOM19_OH_O7,372,8.933921563969,6584.226199,0.05,0.00005,1400,0,0
HOM19_OH_O8,388,8.146003533586,6188.061368,0.05,0.00005,1400,0,0
HOM19_OH_O9,404,8.852777808888,7048.875717,0.05,0.00005,1400,0,0
HOM19_OH_O10,420,8.138781856227,6911.264059,0.05,0.00005,1400,0,0
HOM19_OH_O11,436,8.845555747084,7772.078295,0.05,0.00005,1400,0,0
HOM19_OH_O12,452,9.552329881749,8632.892601,0.05,0.00005,1400,0,0
HOM19_OH_O13,468,8.838333897842,8495.280936,0.05,0.00005,1400,0,0
HOM19_OH_O14,484,9.545108025643,9356.095242,0.05,0.00005,1400,0,0
HOM19_OH_NO9,419,10.393577625227,7391.627755,0.05,0.00005,1400,0,0
HOM19_OH_NO10,435,9.388609849218,7371.194649,0.05,0.00005,1400,0,0
HOM19_OH_NO11,451,8.600692158131,6975.029915,0.05,0.00005,1400,0,0
HOM19_OH_NO12,467,9.307466088432,7835.844162,0.05,0.00005,1400,0,0
HOM19_OH_NO13,483,8.593470181772,7698.23253,0.05,0.00005,1400,0,0
HOM19_OH_NO14,499,9.300243739625,8559.046665,0.05,0.00005,1400,0,0
HOM18_OH_O5,326,10.235666582074,6319.40442,0.05,0.00005,1400,0,0
HOM18_OH_O6,342,9.230698832104,6298.971319,0.05,0.00005,1400,0,0
HOM18_OH_O7,358,8.515560697155,6332.53649,0.05,0.00005,1400,0,0
HOM18_OH_O8,374,7.727642764127,5936.371689,0.05,0.00005,1400,0,0
HOM18_OH_O9,390,8.434416507527,6797.185878,0.05,0.00005,1400,0,0
HOM18_OH_O10,406,7.720420784948,6659.574292,0.05,0.00005,1400,0,0
HOM18_OH_O11,422,8.427194843108,7520.388576,0.05,0.00005,1400,0,0
HOM18_OH_O12,438,9.13396884438,8381.202843,0.05,0.00005,1400,0,0
HOM18_OH_O13,454,8.419972866139,8243.591183,0.05,0.00005,1400,0,0
HOM18_OH_O14,470,9.126747200747,9104.405544,0.05,0.00005,1400,0,0
HOM18_OH_NO10,421,8.970248616405,7119.504833,0.05,0.00005,1400,0,0
HOM18_OH_NO11,437,8.182330869012,6723.340088,0.05,0.00005,1400,0,0
HOM18_OH_NO12,453,8.889105076418,7584.154413,0.05,0.00005,1400,0,0
HOM18_OH_NO13,469,8.175108840174,7446.542682,0.05,0.00005,1400,0,0
HOM18_OH_NO14,485,8.881882926799,8307.356971,0.05,0.00005,1400,0,0
HOM18_OH_NO15,501,8.167887004019,8169.74532,0.05,0.00005,1400,0,0
HOM_nucl,398,10,10000,0.05,0.00005,1400,0,0
GENERIC,437,10,10000,0.05,0.00005,1400,0,0
